"","Alchornea","Anthostema-type","Antidesma-type","Asteraceae_undiff.","Bridelia_micrantha-type","Caesalpiniaceae_undiff.","Celtis","Combretaceae_undiff.","Combretaceae/Melastomataceae_undiff.","Croton-type","Dacryodes-type","Diospyros","Elaeis_guineensis","Euphorbia-type","Euphorbiaceae_undiff.","Fabaceae_undiff.","Hallea-type","Hymenocardia","Lophira","Macaranga-type","Margaritaria_discoidea","Mimosa","Mimosaceae_undiff.","Pausinystalia-type","Pentaclethra_macrophylla","Piptadeniastrum-type_africanum","Plagiostyles-type_africana","Poaceae_undiff.","Pycnanthus","Rubiaceae_undiff.","Proteaceae/Sapindaceae_undiff.","Meliaceae/Sapotaceae_undiff.","Syzygium-type","Tetracera","Tetrorchidium","Uapaca","Zanthoxylum-type"
"CAM-02",12.6582278481013,0,0,1.89873417721519,0,4.43037974683544,1.89873417721519,0,5.06329113924051,0.632911392405063,0,0,14.5569620253165,0.632911392405063,2.53164556962025,1.26582278481013,0.632911392405063,1.26582278481013,1.26582278481013,1.26582278481013,0.632911392405063,0,0,0,0,0,0,31.6455696202532,8.22784810126582,1.26582278481013,0,3.16455696202532,0,0,2.53164556962025,1.26582278481013,1.26582278481013
"CAM-06",13.6792452830189,0,0,0,0,1.88679245283019,3.30188679245283,4.71698113207547,0,0.943396226415094,0,0,2.35849056603774,0,0,4.24528301886792,0,1.88679245283019,5.66037735849057,1.41509433962264,0,0,0,1.41509433962264,0,0,0,27.3584905660377,4.24528301886792,0.471698113207547,0,1.41509433962264,1.88679245283019,1.41509433962264,0.471698113207547,20.7547169811321,0.471698113207547
"CAM-09",20.4152249134948,0,0,0.346020761245675,0,0.69204152249135,5.88235294117647,0,12.4567474048443,0.346020761245675,0,0,16.2629757785467,0.69204152249135,1.03806228373702,0.69204152249135,0.346020761245675,0.346020761245675,4.84429065743945,0,0,1.3840830449827,1.3840830449827,0,0,0,1.3840830449827,1.73010380622837,13.840830449827,1.73010380622837,0.346020761245675,2.42214532871972,0.69204152249135,0,1.3840830449827,6.9204152249135,2.42214532871972
"CAM-11",0.3690036900369,0,0,2.2140221402214,0,0,0,0,0,0,0,0,0,0,0,0.3690036900369,0,0.738007380073801,0,0,0,0,0,0,0,0,0,96.309963099631,0,0,0,0,0,0,0,0,0
"CAM-13",1.62162162162162,0,0,3.24324324324324,0,0,0,0,1.08108108108108,0,0,0,0,0,0,1.62162162162162,0,0,0,0,4.86486486486486,0,0,0,0,0,0,84.3243243243243,0.540540540540541,0,0,0,0,0,1.62162162162162,1.08108108108108,0
"CAM-14",13.3333333333333,0,0,4.16666666666667,0,1.25,0,0,10,0,0,0,0,0,0.416666666666667,0.416666666666667,0,4.58333333333333,1.66666666666667,0.416666666666667,0,0,0,0,0,0,0,50,0,0.416666666666667,0,0.416666666666667,0,2.91666666666667,0,10,0
"CAM-15",2.61780104712042,0,0,14.6596858638743,0,1.04712041884817,0,0,5.23560209424084,0,0,0,0,0,0.523560209424084,0.523560209424084,0,3.1413612565445,0,0,1.04712041884817,1.04712041884817,1.04712041884817,0,0,0,0,67.5392670157068,0,0,0,0,1.57068062827225,0,0,0,0
"CAM-16",9.49720670391061,0,0,5.58659217877095,0,1.11731843575419,1.11731843575419,0,15.6424581005587,0,0,0.558659217877095,0,0,0.558659217877095,0,0,0,1.67597765363128,0,1.67597765363128,0,0,1.11731843575419,0,0,0,45.2513966480447,0.558659217877095,3.35195530726257,0,0.558659217877095,0.558659217877095,0,0.558659217877095,9.49720670391061,1.11731843575419
"CAM-17",13.9303482587065,0,0,1.99004975124378,0,0,0,0,6.96517412935323,0,0,0,0,0,0,0.995024875621891,0,3.48258706467662,2.48756218905473,0,0,0,0,1.49253731343284,0,0,0,21.8905472636816,0.995024875621891,0.497512437810945,0,0.995024875621891,0,1.99004975124378,0,42.2885572139304,0
"CAM-18",1.06382978723404,0,0,1.41843971631206,0,1.06382978723404,0,0,9.21985815602837,0,0,0,0,0,0,0.354609929078014,0,1.41843971631206,2.12765957446809,0.354609929078014,0,1.41843971631206,0,0,0,0,0,80.8510638297872,0,0,0,0,0,0,0,0.709219858156028,0
"CAM-19",4.56140350877193,0,0,1.40350877192982,0,1.05263157894737,0,0,13.3333333333333,0.701754385964912,0,0,0,0,0,0.701754385964912,0,2.10526315789474,0.701754385964912,0,0.701754385964912,0.350877192982456,0,0,0,0,0,62.4561403508772,0,1.05263157894737,0,0,0,3.15789473684211,0,7.71929824561404,0
"CAM-21",1.98412698412698,0,0.396825396825397,1.19047619047619,0,0,0.793650793650794,0,0.793650793650794,0,0,0,0,0.396825396825397,0,0,0,0,0,0.793650793650794,0,0,0,0,0,0,0,76.1904761904762,0,1.58730158730159,0,0,0,1.19047619047619,0,13.4920634920635,1.19047619047619
"CAM-23",10.0877192982456,0,0,1.31578947368421,0,0.43859649122807,1.31578947368421,0,10.5263157894737,0,0,0,0,0,0,0.87719298245614,0,2.63157894736842,1.31578947368421,0,0,0,0,0,0,0,0,55.2631578947368,0.87719298245614,0.43859649122807,0,0,0,0,0.43859649122807,13.1578947368421,1.31578947368421
"CAM-24",9.81818181818182,0,0,1.09090909090909,0,0,0.727272727272727,0,6.54545454545455,0,0,1.09090909090909,0,0,0,1.09090909090909,0,1.45454545454545,0.363636363636364,0,0.363636363636364,0.363636363636364,0.363636363636364,0.363636363636364,0.363636363636364,0,0,25.4545454545455,0.727272727272727,1.09090909090909,0.363636363636364,5.09090909090909,0,0,1.09090909090909,42.1818181818182,0
"CAM-25",7.50551876379691,0,0,1.98675496688742,0,0,3.53200883002207,0,1.32450331125828,0,0,0,6.84326710816777,0,0.662251655629139,0.883002207505519,0,0.883002207505519,0.22075055187638,1.1037527593819,0.662251655629139,0,0,0,0,0,0,7.06401766004415,0,0.441501103752759,0,3.09050772626932,0,0,1.1037527593819,62.4724061810155,0.22075055187638
"CAM-26",21.0526315789474,0,0,1.16959064327485,0,0,1.75438596491228,0,12.8654970760234,0,0,0.584795321637427,0.584795321637427,0,0,0,0,1.16959064327485,1.16959064327485,1.75438596491228,0,0,0,0,0,0,0,6.4327485380117,0,0,0,1.75438596491228,0.584795321637427,6.4327485380117,1.16959064327485,40.3508771929825,1.16959064327485
"CAM-28",6.95970695970696,0,0,6.22710622710623,0,1.0989010989011,3.2967032967033,0,2.93040293040293,0,0,0,3.66300366300366,0,0,0,0,0.732600732600733,1.83150183150183,0,0.366300366300366,0,0,0,0,0,0,61.9047619047619,0.366300366300366,1.46520146520147,0,0,0.366300366300366,0.366300366300366,0,8.42490842490843,0
"CAM-30",20.3389830508475,0,0,2.96610169491525,0,0,1.69491525423729,0,5.08474576271187,0,0,0,1.27118644067797,0,0,1.27118644067797,0,0,0,0,0.423728813559322,0,0,0,0,0,0.423728813559322,22.8813559322034,0,0,0,0.847457627118644,0.423728813559322,0,0,41.1016949152542,1.27118644067797
"CAM07002S",0.709219858156028,0,0,0,0,13.4751773049645,0,32.9787234042553,32.9787234042553,0,0,0,0,0.709219858156028,3.54609929078014,0,0.709219858156028,3.54609929078014,0,0,0.709219858156028,0,0,0,0,0,0,0,0.354609929078014,0,6.38297872340426,1.77304964539007,2.12765957446809,0,0,0,0
"CAM07003S",0,0,0,0,0,1.5,1.5,0,0,0,0,0,0,0.5,0.25,0,0,1.5,0,0,0,25,25,0,0,0.5,0,0.25,2.5,0.25,38.75,0.25,2.25,0,0,0,0
"CAM07007S",0,0.578034682080925,0,0,0,11.5606936416185,6.9364161849711,0,2.3121387283237,0,0,0,0,0,0,0,0,5.20231213872832,0,0,0,4.6242774566474,4.6242774566474,0,17.9190751445087,43.9306358381503,0,0,0,0,0,2.3121387283237,0,0,0,0,0
"CAM07008S",0,0,0,0,0,40.1709401709402,17.0940170940171,0,0.854700854700855,0,0,0,25.6410256410256,6.83760683760684,1.70940170940171,0,0,5.98290598290598,0,0,0.854700854700855,0,0,0,0,0,0,0,0,0,0.854700854700855,0,0,0,0,0,0
"CAM07009S",0,0,0,0,0,89.2703862660944,2.14592274678112,0,0,0,0,0,0,1.28755364806867,0,0,0,0,0,0,0,0,0,0,0,0,0,0,7.29613733905579,0,0,0,0,0,0,0,0
"CAM07010S",0,0,0,0,0,18.9542483660131,0.65359477124183,0,0,0,0,0,0,7.84313725490196,7.84313725490196,0,0,11.7647058823529,0,0,0,24.8366013071895,24.8366013071895,0,0,0,0,0,0,0,0,3.26797385620915,0,0,0,0,0
"CAM07038S",11.1111111111111,34.5679012345679,1.23456790123457,1.23456790123457,0,0,0,9.87654320987654,2.46913580246914,0,0,1.23456790123457,0,1.23456790123457,0,0,0,3.7037037037037,0,0,1.23456790123457,0,0,0,0,0,0,1.23456790123457,0,0,12.3456790123457,0,8.64197530864197,0,0,9.87654320987654,0
"CAM07039S",0,0,0,0,0,31.9397993311037,0.167224080267559,0,0,0,0,0,0,0.167224080267559,0,0,1.50501672240803,0.668896321070234,20.4013377926421,0,1.00334448160535,20.4013377926421,20.4013377926421,0,0,0,0,0,0,0,0,0,3.34448160535117,0,0,0,0
"CAM07040S",0,0,0,0,0,2.89855072463768,0.72463768115942,0,0,0,0,0,0,5.79710144927536,0,0,5.07246376811594,0,65.2173913043478,0,0,7.97101449275362,7.97101449275362,0,0,0,0,0,0,0,0,0,4.34782608695652,0,0,0,0
"CAM07068S",1.61943319838057,0,0,0,0.809716599190283,0,0,0,0,0,1.21457489878543,0.404858299595142,0.809716599190283,0,6.47773279352227,0,0,0,27.1255060728745,51.417004048583,0,0,0,8.50202429149797,0.404858299595142,0,0,0,0.404858299595142,0.809716599190283,0,0,0,0,0,0,0
"CAM07069S",0,6.36363636363636,0,0,0.303030303030303,3.33333333333333,2.42424242424242,8.78787878787879,8.78787878787879,0,0,0,0,2.72727272727273,0,0,0,2.42424242424242,26.969696969697,0,0,16.6666666666667,16.6666666666667,0,0,0,0,0,0,0,4.54545454545455,0,0,0,0,0,0
"CAM07070S",0,0,0,0,5.72390572390572,28.956228956229,0,0,0,0,0,0,0,0,0,0,0,1.68350168350168,0,0,0,26.9360269360269,26.9360269360269,0,0,0,0,0,0,0,4.37710437710438,0,3.03030303030303,0,0,2.35690235690236,0
"CAM07071S",0,2.78745644599303,0,0,0,7.31707317073171,2.4390243902439,0,0,0,0,0,0,0,0,0,0,4.18118466898955,0,0,0,31.3588850174216,31.3588850174216,0,0,0,0,0,0,0,9.05923344947735,0,11.1498257839721,0.348432055749129,0,0,0
"CAM07090S",0,6.09756097560976,0,0,0,0.304878048780488,0.304878048780488,0,11.890243902439,0,0,0,0,0.304878048780488,17.6829268292683,0,0.304878048780488,2.13414634146341,20.4268292682927,0,0,12.5,12.5,0,0,0,0,0,0,0.914634146341463,9.14634146341463,0,5.48780487804878,0,0,0,0
"CAM07091S",0,0,0,0.446927374301676,0.111731843575419,0,1.22905027932961,0,0,0,0.558659217877095,0,0,0,0.223463687150838,0,0.446927374301676,0,0.558659217877095,0.670391061452514,0,31.2849162011173,31.2849162011173,0.223463687150838,31.1731843575419,1.45251396648045,0,0.111731843575419,0.111731843575419,0.111731843575419,0,0,0,0,0,0,0
"CAM07096S",1.91082802547771,0,0,6.36942675159236,6.36942675159236,0,6.36942675159236,6.36942675159236,0.636942675159236,0,0.636942675159236,3.18471337579618,6.36942675159236,0,6.36942675159236,0,0,0,7.64331210191083,0,6.36942675159236,3.18471337579618,3.18471337579618,1.27388535031847,9.55414012738854,0,0,9.55414012738854,0,3.18471337579618,0,0,0,0.636942675159236,0.636942675159236,0.636942675159236,9.55414012738854
"CAM07097S",0.512820512820513,0,0,2.05128205128205,45.1282051282051,0,0,0,0,0,2.05128205128205,0,0,0,4.61538461538462,0,0,0,1.02564102564103,4.61538461538462,0,5.64102564102564,5.64102564102564,0,14.8717948717949,2.05128205128205,0,0,1.02564102564103,6.15384615384615,0,4.61538461538462,0,0,0,0,0
"CAM07098S",0,0.833333333333333,0,0,0,16.6666666666667,0,0,1.66666666666667,0,0,0,0,10,15,0,0.833333333333333,6.66666666666667,0,0,0,12.5,12.5,0.833333333333333,0,0,11.6666666666667,0,0,0.833333333333333,7.5,1.66666666666667,0.833333333333333,0,0,0,0
"CAM07099S",0,0.970873786407767,0,0,0,23.3009708737864,0,0,0,0,0,0,0,18.4466019417476,0,0,0,4.85436893203883,0,0,0,19.4174757281553,19.4174757281553,3.88349514563107,0,0,0,0,0,1.94174757281553,3.88349514563107,3.88349514563107,0,0,0,0,0
"CAM07087S",13.6200716845878,0,0,0,0,7.52688172043011,0,0,0,0,0,0,0,0.3584229390681,0,0,0.3584229390681,1.7921146953405,4.3010752688172,0,0,35.1254480286738,35.1254480286738,0,0,0,0,0,0,0,0.3584229390681,0.3584229390681,0.3584229390681,0.3584229390681,0,0.3584229390681,0
"CAM07088S",0,0,0,0,0,14.9090909090909,0,0,0.363636363636364,0,0,0,0,1.81818181818182,18.5454545454545,0,0,2.54545454545455,0,0,0.363636363636364,28.7272727272727,28.7272727272727,0.363636363636364,0,0,0,0,0,1.09090909090909,1.81818181818182,0.727272727272727,0,0,0,0,0
"CAM07089S",0,0.4739336492891,0,0,0.4739336492891,7.10900473933649,0.947867298578199,0,0.947867298578199,0,0,0,0,2.3696682464455,52.60663507109,0,0,2.8436018957346,16.1137440758294,0,0,0.947867298578199,0.947867298578199,7.58293838862559,0,0,0,0,0,0,4.739336492891,1.8957345971564,0,0,0,0,0
"CAM070108",0,0,0,24.5283018867925,0,0,0,0.628930817610063,0,0,0,0,1.25786163522013,0,0,0,0,0,0,0,0,0,0,0,0,0,0,72.9559748427673,0.628930817610063,0,0,0,0,0,0,0,0
"CAM07004",0,0,0,12.8048780487805,4.26829268292683,0,0,3.04878048780488,0,0,0,0,1.82926829268293,0,0,0,0,0,0,7.31707317073171,0,0,0,0,0,0,0,70.7317073170732,0,0,0,0,0,0,0,0,0
"CAM-33",19.047619047619,0,0,0,0,0,23.8095238095238,4.76190476190476,0,0,0,0,0,0,0,0,0,0,0,14.2857142857143,4.76190476190476,0,0,0,0,0,0,28.5714285714286,0,4.76190476190476,0,0,0,0,0,0,0
"CAM-34",12.9032258064516,0,0,0,0,0,26.8817204301075,17.2043010752688,0,4.3010752688172,0,0,0,0,0,0,0,0,0,13.9784946236559,4.3010752688172,0,0,0,0,1.0752688172043,0,13.9784946236559,0,0,0,0,0,0,4.3010752688172,0,1.0752688172043
"CAM-35",3.38983050847458,0,0,0,0,1.69491525423729,38.135593220339,16.1016949152542,15.2542372881356,0.847457627118644,0,0,5.08474576271187,0,0,0,0,0,0,5.93220338983051,0,0,0,0,0,0,0,12.7118644067797,0,0,0,0,0,0,0.847457627118644,0,0
"CAM-36",4.95867768595041,0,0.826446280991736,0,0,0,39.6694214876033,12.396694214876,0,0,0,0,1.65289256198347,0,1.65289256198347,0,0,0,0,9.09090909090909,4.95867768595041,0,0,0,0,2.47933884297521,0,17.3553719008264,0,0.826446280991736,0,0.826446280991736,0,0,3.30578512396694,0,0
"CAM-37",3.75,0,0,0,0,0,42.5,6.25,7.5,0.625,0,0,1.875,0,0,0,0,0,0,6.25,4.375,0,0,0,0,1.875,0,21.875,0,1.875,0,0,0.625,0,0,0,0.625
"CAM-38",0,0,0,0,0,0,64.4951140065147,8.14332247557003,0,0,0,0,0.325732899022801,0,0,0,0,0,0,17.5895765472313,4.56026058631922,0,0,0,0,0.325732899022801,0,3.90879478827362,0,0.325732899022801,0,0,0,0,0.325732899022801,0,0
"CAM-39",0.583657587548638,0,0.194552529182879,0,0,0.389105058365759,88.9105058365759,0.972762645914397,1.55642023346304,0,0,0,0.583657587548638,0,0.389105058365759,0,0,0,0,2.33463035019455,2.72373540856031,0,0,0,0,0,0,0.778210116731518,0,0.194552529182879,0,0,0,0,0.389105058365759,0,0
"CAM-40",0.873362445414847,0,0.436681222707424,0,0,0,46.2882096069869,22.707423580786,2.62008733624454,0,0,0.436681222707424,2.18340611353712,0,0.436681222707424,0,0,0,0,10.0436681222707,2.18340611353712,0,0,0,0,1.31004366812227,0,5.67685589519651,0,1.74672489082969,0,0.436681222707424,0,0,2.18340611353712,0,0.436681222707424
"CAM-41",0.967741935483871,0,0,0,0,0,76.1290322580645,1.61290322580645,0,0,0,0,1.93548387096774,0,0.32258064516129,0,0,0,0,3.2258064516129,2.90322580645161,0,0,0,0,3.2258064516129,0,5.48387096774194,0,0.32258064516129,0,0,0.967741935483871,0,2.25806451612903,0,0.645161290322581
"CAM-42",0.634920634920635,0,0,0,0,0,48.8888888888889,1.58730158730159,0,0,0,0,0,0,0.317460317460317,0,0,0,0,3.49206349206349,0.317460317460317,0,0,0,0,37.1428571428571,0,5.07936507936508,0,1.9047619047619,0,0,0,0,0,0,0.634920634920635
"CAM-43",0.564971751412429,0,0,0,0,0,24.8587570621469,2.25988700564972,4.51977401129944,0,0,0,1.12994350282486,0,0,0,0,0,0,15.819209039548,1.69491525423729,0,0,0,0,28.8135593220339,0,10.1694915254237,0,3.95480225988701,0,0,0,0,4.51977401129944,0,1.69491525423729
"CAM-44",1.81818181818182,0,0.909090909090909,0,0,0,21.8181818181818,10,0,0,0,0,2.72727272727273,0,1.81818181818182,0,0,0,0,11.8181818181818,1.81818181818182,0,0,0,0,10.9090909090909,0,21.8181818181818,0,6.36363636363636,0,0,0,0,8.18181818181818,0,0
"CAM-45",1.72413793103448,0,0,0,0,0,18.9655172413793,5.17241379310345,0,0,0,0,8.62068965517241,0,0,0,0,0,0,3.44827586206897,0,0,0,0,0,0,0,48.2758620689655,0,1.72413793103448,0,0,3.44827586206897,0,8.62068965517241,0,0
"CAM-46",1.14942528735632,0,8.04597701149425,0,0,0,24.1379310344828,4.59770114942529,4.59770114942529,0,0,0,6.89655172413793,0,0,0,0,0,0,16.0919540229885,1.14942528735632,0,0,0,0,0,0,22.9885057471264,0,4.59770114942529,0,0,0,0,4.59770114942529,0,1.14942528735632
"CAM-47",3.96039603960396,0,11.8811881188119,0,0,0,21.7821782178218,8.91089108910891,2.97029702970297,0,0,0,3.96039603960396,0,0,0,0,0,0,23.7623762376238,0,0,0,0,0,0,0,18.8118811881188,0,0.99009900990099,0,0,0,0,2.97029702970297,0,0
"CAM-48",6.54205607476635,0,0.934579439252336,0,0,0,17.7570093457944,6.54205607476635,0,0,0,0,7.47663551401869,0,0,0,0,0,0,19.6261682242991,0.934579439252336,0,0,0,0,0.934579439252336,0,31.7757009345794,0,1.86915887850467,0,0,0,0,5.60747663551402,0,0
"CAM-49",41.4364640883978,0,0.552486187845304,0,0,0,5.52486187845304,0,0,0,0,0,2.76243093922652,0,0,0,0,0,0,11.6022099447514,1.10497237569061,0,0,0,0,0,0,35.9116022099448,0,0.552486187845304,0,0,0,0,0.552486187845304,0,0
"CAM-50",20.8333333333333,0,0,0,0,0,6.25,0.833333333333333,4.16666666666667,0,0,0,2.91666666666667,0,0,0,0,0,0,4.16666666666667,2.08333333333333,0,0,0,0,0,0,56.25,0,0,0,0,0,0,1.66666666666667,0,0.833333333333333
"CAM-51",0.985221674876847,0,0.492610837438424,0,0,0,0.985221674876847,0.492610837438424,0,0,0,0,0.985221674876847,0,0,0,0,0,0,2.46305418719212,0.492610837438424,0,0,0,0,0,0,91.6256157635468,0,0,0,0,0.492610837438424,0,0.985221674876847,0,0
"CAM-53",2.47524752475248,0,0,0,0,0,1.48514851485149,0.99009900990099,0,0,0,0,0,0,0,0,0,0,0,1.98019801980198,0.99009900990099,0,0,0,0,0,0,91.0891089108911,0,0,0,0,0,0,0.99009900990099,0,0
"CAM-54",1.06761565836299,0,0,0,0,0,2.13523131672598,0.355871886120996,1.42348754448399,0,0,0,0.711743772241993,0,0,0,0,0,0,2.49110320284698,0,0,0,0,0,0,0,90.3914590747331,0,0.355871886120996,0,0,0,0,0.711743772241993,0,0.355871886120996
"CAM-55",2.34113712374582,0,0,0,0,0,0.668896321070234,0.668896321070234,1.33779264214047,0,0,0,0.668896321070234,0,0,0.334448160535117,0,0,0,1.67224080267559,0.334448160535117,0,0,0,0,0,0,91.304347826087,0,0,0,0,0,0,0.668896321070234,0,0
"CAM-56",1.66666666666667,0,0,0,0,0,1.33333333333333,0,1.33333333333333,0,0,0,0,0,0,0,0,0,0,1.66666666666667,0.333333333333333,0,0,0,0,0,0,93,0,0,0,0,0,0,0.666666666666667,0,0
"CAM-57",1.70940170940171,0,0,0,0,0,1.70940170940171,0,0,0,0,0,0.854700854700855,0,0,0,0,0,0,0.427350427350427,1.28205128205128,0,0,0,0,0,0,92.7350427350427,0,0.427350427350427,0,0,0,0,0.854700854700855,0,0
"CAM-58",1.06382978723404,0,0,0,0,0,0.354609929078014,0,0,0,0,0,1.06382978723404,0,0,0,0,0,0,0.354609929078014,0.354609929078014,0,0,0,0,0,0,96.4539007092199,0,0,0,0.354609929078014,0,0,0,0,0
"Ossa",26.063829787234,0.531914893617021,0,1.06382978723404,0,0.531914893617021,7.4468085106383,0,1.06382978723404,0,0,0,3.72340425531915,0,0,0,2.12765957446809,13.2978723404255,10.6382978723404,1.06382978723404,0,0,0,0,0,0.531914893617021,0,23.4042553191489,0,0.531914893617021,0,4.25531914893617,0,0,1.06382978723404,2.65957446808511,0
"Barombi-mbo",15.8590308370044,0,0,0,0,0,6.6079295154185,0,14.9779735682819,0,0,0,8.81057268722467,0,0,0.440528634361234,0,1.3215859030837,9.69162995594714,14.5374449339207,0,0,0,0,0,1.76211453744493,0,17.1806167400881,2.20264317180617,0,0,2.20264317180617,0.881057268722467,0,0,1.76211453744493,1.76211453744493
"Cng-1",0.767263427109974,0,0,2.0460358056266,0,0,0.51150895140665,2.81329923273657,20.9718670076726,0,0,0,0,0,0,0,0,1.0230179028133,0,1.79028132992327,0,0,0,0,0,0,0,16.8797953964194,0,0.255754475703325,0,0.51150895140665,52.4296675191816,0,0,0,0
"Cng-2",1.97628458498024,0,0,1.97628458498024,0,0,0,0,0,0,0,0,0,0,0,0,0,1.18577075098814,0,0,0,0,0,0,0,0,0,94.0711462450593,0,0,0,0,0.790513833992095,0,0,0,0
"Cng-4",1.06951871657754,0,0,5.52584670231729,0,0,0,0,0,0,0,0,0.17825311942959,0,0,1.42602495543672,0,0.71301247771836,0,0.89126559714795,0,0,0,0,0,0,0,89.3048128342246,0,0,0,0,0.53475935828877,0,0.35650623885918,0,0
"Cng-6",0.743494423791822,0,0,0,0,0,0,0,0,0,0,0,0,0,0,0,0,2.23048327137546,0,0,0,0,0,0,0,0,0,96.6542750929368,0,0.371747211895911,0,0,0,0,0,0,0
"Cng-7",14.0161725067385,0,0,0.808625336927224,0,0,0,0,0.539083557951483,0,0,0,16.711590296496,0,0,1.07816711590297,0,2.96495956873315,0.808625336927224,9.70350404312669,0.269541778975741,0,0,0,0.539083557951483,0,9.1644204851752,33.1536388140162,0,5.66037735849057,0,1.34770889487871,1.34770889487871,0.269541778975741,0.269541778975741,1.34770889487871,0
"Cng-8",0.545702592087312,0,0,0.272851296043656,0,0,0.136425648021828,0,0,0.136425648021828,0,0.136425648021828,1.90995907230559,0,0,0,0,0.682128240109141,0.136425648021828,0,0,0,0,0,0,0,0,94.8158253751705,0,0,0,0.272851296043656,0.409276944065484,0,0.272851296043656,0.272851296043656,0
"Cng-9",0.276243093922652,0,0,0,0,0,0,0.552486187845304,0,0.138121546961326,0,0,1.51933701657459,0,0,0.69060773480663,0,0.828729281767956,0,0,0,0,0,0,0,0,0,95.9944751381215,0,0,0,0,0,0,0,0,0
"Cng-10",0.619834710743802,0,0,0.413223140495868,0,0,0.206611570247934,0,0,0,0,0,0.206611570247934,0,0,0,0,0.206611570247934,0,0,0,0,0,0,0,0,0,97.7272727272727,0,0,0,0,0,0,0.619834710743802,0,0
"Cng-11",0.967117988394584,0,0,0.580270793036751,0,0,2.51450676982592,0,0,0.773694390715667,0,0,24.9516441005803,0,0,0,0,0,0,0,0,0,0,0,0,0,0,70.2127659574468,0,0,0,0,0,0,0,0,0
"Cng-12",0.590318772136954,0,0,0,0,0.236127508854782,0.354191263282172,0,0,0,0,0,1.2987012987013,0,0.236127508854782,0,0,0.236127508854782,0,0.118063754427391,0,0,0,0,0,0,0,95.7497048406139,0.118063754427391,0.118063754427391,0,0,0,0,0.236127508854782,0.708382526564345,0
"Cng-13",3.84615384615385,0,0.641025641025641,0,0,3.2051282051282,0,0,0,0,0,0,2.56410256410256,0,1.92307692307692,1.28205128205128,0,0,3.2051282051282,6.41025641025641,0,0,0,0,1.28205128205128,0,48.7179487179487,2.56410256410256,0,1.92307692307692,1.28205128205128,0.641025641025641,13.4615384615385,1.92307692307692,0,5.12820512820513,0
"Cng-14",7.54716981132075,0,0,0,0,0,0,1.88679245283019,11.3207547169811,0,0,0,7.54716981132075,0,0,3.77358490566038,0,0,1.88679245283019,24.5283018867925,0,0,0,0,1.88679245283019,0,13.2075471698113,7.54716981132075,0,0,1.88679245283019,5.66037735849057,3.77358490566038,0,3.77358490566038,3.77358490566038,0
"Cng-15",12.9310344827586,0,0,1.72413793103448,0,0.862068965517241,3.44827586206897,0,1.72413793103448,1.72413793103448,0,0,4.31034482758621,0,1.72413793103448,0.862068965517241,0,0,3.44827586206897,7.75862068965517,0,0,0,0,0,0,2.58620689655172,14.6551724137931,0,1.72413793103448,0,0,28.448275862069,0.862068965517241,1.72413793103448,9.48275862068965,0
"Cng-16",7.31707317073171,0,0,2.4390243902439,0,0,0,0,4.8780487804878,0,0,0,26.8292682926829,0,0,13.4146341463415,0,0,0,3.65853658536585,3.65853658536585,0,0,0,0,0,1.21951219512195,14.6341463414634,12.1951219512195,3.65853658536585,0,0,0,0,6.09756097560976,0,0
"Cng-17",0.284900284900285,0,0,0,0,0,1.13960113960114,0.56980056980057,0,0.284900284900285,0,0,2.84900284900285,0,0.56980056980057,0.854700854700855,0,1.42450142450142,79.2022792022792,5.6980056980057,0,0,0,0,0.284900284900285,0,0,0,0,0,0,0,0.854700854700855,0.284900284900285,0.284900284900285,5.41310541310541,0
"Cng-18",3.08008213552361,0,0,0,0,0,0.205338809034908,1.23203285420945,0,0,0,0.410677618069815,3.90143737166324,0,0.410677618069815,0,0,1.43737166324435,65.2977412731006,8.2135523613963,0.205338809034908,0,0,0,0,0,0,2.05338809034908,0,0,0,0,2.46406570841889,0.616016427104723,0,10.4722792607803,0
"Cng-19",22.258064516129,0,0,0.32258064516129,0,1.29032258064516,0,13.5483870967742,1.93548387096774,0.32258064516129,0,0,3.87096774193548,0,0,0.32258064516129,0,1.61290322580645,8.38709677419355,13.2258064516129,0,0,0,0,0,0,0,2.25806451612903,0.32258064516129,1.93548387096774,0,0.645161290322581,1.93548387096774,1.93548387096774,0,23.8709677419355,0
"Cng-20",0.427578834847675,0,0,0.0534473543559594,0,0,0.213789417423838,0,0.106894708711919,0,0,0,1.38963121325494,0,0,0,0,0.908605024051309,0,0.106894708711919,0,0,0,0,0,0,0,96.044895777659,0.320684126135756,0,0,0,0.320684126135756,0,0.0534473543559594,0.0534473543559594,0
"Cng-21",11.4754098360656,0,3.27868852459016,0,0,0,0,6.01092896174863,0,0,0,0,8.19672131147541,0,3.82513661202186,4.91803278688525,0,0,0,2.18579234972678,0,0,0,0,0,0,0,13.1147540983607,0,6.01092896174863,0,0.546448087431694,8.19672131147541,30.6010928961749,0,1.63934426229508,0
"Cng-22",0.782778864970646,0,0,0.195694716242661,0,0,1.17416829745597,0.978473581213307,0.782778864970646,0,0,0,0.978473581213307,0,0.587084148727984,0.782778864970646,0,0,0,0.391389432485323,0,0,0,0,0,0,0,90.9980430528376,0,0.782778864970646,0,0.391389432485323,1.17416829745597,0,0,0,0
"Cng-24",1.45454545454545,0,0,0,0,0,0,0,0,0,0,0,6.90909090909091,0,0,0,0,0,0,0,0,0,0,0,0,0,0,91.2727272727273,0,0,0,0,0,0,0,0.363636363636364,0
"Cng-25",12.6482213438735,0,0,0,0,0,0,0,0.790513833992095,0,0,0,56.9169960474308,0,0,0,0,0,0,2.76679841897233,0,0,0,0,0,0,0,21.3438735177866,3.16205533596838,0,0,0,1.97628458498024,0.395256916996047,0,0,0
"Cng-26",20.6896551724138,0,0,0,0,0,0,0,0,0,0,0,31.8965517241379,0,0,0,0,0,0,6.03448275862069,0,0,0,0,0,0,0,3.16091954022989,31.3218390804598,0,0,0,4.02298850574713,2.8735632183908,0,0,0
"Cng-27",4.45344129554656,0,0,0,0,0,0,0,0,0,0,0,4.8582995951417,0,0,0,0,0,0,0,0,0,0,0,0,0,0,90.6882591093117,0,0,0,0,0,0,0,0,0
"Cng-28",1.31578947368421,0,0,0,0,0,0,1.31578947368421,0,0,9.21052631578947,0,0,0,0,2.63157894736842,5.26315789473684,0,0,3.94736842105263,0,0,0,1.31578947368421,1.31578947368421,13.1578947368421,3.94736842105263,5.26315789473684,26.3157894736842,1.31578947368421,0,7.89473684210526,0,1.31578947368421,0,13.1578947368421,1.31578947368421
"Cng-29",3.37078651685393,0,1.12359550561798,0,0,0,0,0,0,1.12359550561798,3.37078651685393,0,0,0,0,30.3370786516854,0,0,0,3.37078651685393,0,0,0,5.61797752808989,0,0,6.74157303370786,3.37078651685393,7.86516853932584,6.74157303370786,0,14.6067415730337,1.12359550561798,0,1.12359550561798,6.74157303370786,3.37078651685393
"Cng-30",5.74712643678161,0,2.29885057471264,0,0,0,0,1.14942528735632,0,0,2.29885057471264,0,9.19540229885057,0,0,14.9425287356322,1.14942528735632,0,0,9.19540229885057,0,0,0,14.9425287356322,0,8.04597701149425,18.3908045977011,0,2.29885057471264,1.14942528735632,0,0,1.14942528735632,0,1.14942528735632,3.44827586206897,3.44827586206897
"Cng-31",0,0,0,0,0,0,0,0,0,0,1.16279069767442,0,9.30232558139535,0,0,5.81395348837209,3.48837209302326,0,0,2.32558139534884,0,0,0,11.6279069767442,2.32558139534884,12.7906976744186,11.6279069767442,8.13953488372093,8.13953488372093,4.65116279069767,0,3.48837209302326,2.32558139534884,0,0,8.13953488372093,4.65116279069767
"Cng-32",0,0,0,0,0,0,0,0,0,0,5.26315789473684,0,6.57894736842105,0,0,2.63157894736842,1.31578947368421,0,0,5.26315789473684,0,0,0,6.57894736842105,0,6.57894736842105,18.4210526315789,1.31578947368421,17.1052631578947,0,0,3.94736842105263,0,0,2.63157894736842,14.4736842105263,7.89473684210526
"Cng-33",2.04081632653061,0,0,0,0,0,0,4.08163265306122,0,0,5.10204081632653,0,8.16326530612245,0,0,1.02040816326531,0,0,0,9.18367346938776,0,0,0,7.14285714285714,3.06122448979592,11.2244897959184,8.16326530612245,5.10204081632653,3.06122448979592,1.02040816326531,0,12.2448979591837,1.02040816326531,0,0,11.2244897959184,7.14285714285714
"Cng-34",0,0,0,0,0,0,3.44827586206897,1.14942528735632,0,0,2.29885057471264,0,5.74712643678161,0,0,2.29885057471264,1.14942528735632,0,0,2.29885057471264,0,0,0,4.59770114942529,3.44827586206897,2.29885057471264,20.6896551724138,3.44827586206897,17.2413793103448,5.74712643678161,0,0,0,0,1.14942528735632,17.2413793103448,5.74712643678161
"Cng-35",2.29007633587786,0,1.52671755725191,0,0,0,0,1.52671755725191,0,0.763358778625954,6.10687022900763,0,1.52671755725191,0,0,7.63358778625954,2.29007633587786,0,0,0.763358778625954,0,0,0,3.05343511450382,1.52671755725191,5.34351145038168,12.2137404580153,0.763358778625954,25.9541984732824,3.81679389312977,0,1.52671755725191,0.763358778625954,1.52671755725191,0,13.7404580152672,5.34351145038168
"Cng-36",0,0,0,0,0,0,0,0,0,0,2.05479452054794,0,0.684931506849315,0,0,6.84931506849315,1.36986301369863,0,0,7.53424657534247,0,0,0,6.16438356164384,0.684931506849315,0.684931506849315,3.42465753424658,2.05479452054794,46.5753424657534,0.684931506849315,0,3.42465753424658,0.684931506849315,0.684931506849315,0,12.3287671232877,4.10958904109589
"Cng-37",0.819672131147541,0,0.409836065573771,0,0,0,0.819672131147541,0.409836065573771,0,2.45901639344262,1.63934426229508,0,0.819672131147541,0,0,13.1147540983607,2.45901639344262,0,0,0,0,0,0,11.4754098360656,0.409836065573771,0.819672131147541,2.86885245901639,1.22950819672131,14.7540983606557,2.04918032786885,0,1.22950819672131,1.63934426229508,0.409836065573771,0.409836065573771,33.6065573770492,6.14754098360656
"Cng-38",6.06060606060606,0,0,0,0,4.54545454545455,0,4.54545454545455,0,0,7.57575757575758,0,27.2727272727273,0,0,0,0,0,0,13.6363636363636,0,0,0,0,3.03030303030303,3.03030303030303,12.1212121212121,6.06060606060606,0,4.54545454545455,0,0,0,1.51515151515152,6.06060606060606,0,0
"Cng-39",4.9645390070922,0,1.41843971631206,0,0,0.709219858156028,0,0,0,0,0,0,9.9290780141844,0,0,0,0,0,0,0,0,0,0,1.41843971631206,0,2.12765957446809,12.7659574468085,12.7659574468085,1.41843971631206,0,0,45.3900709219858,2.83687943262411,0,0,4.25531914893617,0
"Cng-43",0.4739336492891,9.00473933649289,0,0,0,2.8436018957346,0,0.4739336492891,0,2.3696682464455,9.95260663507109,0,1.8957345971564,0,0,0,0.947867298578199,0,0,5.21327014218009,0,0,0,0,0,0.947867298578199,6.63507109004739,6.16113744075829,1.4218009478673,0,0,2.8436018957346,48.8151658767773,0,0,0,0
"Cng-44",0.716845878136201,8.24372759856631,0.3584229390681,0.3584229390681,0,0,0,0,0,0,2.1505376344086,0.3584229390681,0.716845878136201,0,0,0,0,0,0,5.73476702508961,0,0,0,0.3584229390681,0,1.0752688172043,0.716845878136201,4.3010752688172,1.0752688172043,1.7921146953405,0,2.1505376344086,69.8924731182796,0,0,0,0
"Cng-45",0,9.35960591133005,0,0.492610837438424,0,0,0,0,0,3.94088669950739,26.1083743842365,0,2.95566502463054,0,0,0,7.88177339901478,0,0,9.35960591133005,0,0,0,0,0,1.47783251231527,10.3448275862069,0.492610837438424,0.492610837438424,0.492610837438424,0,1.47783251231527,25.1231527093596,0,0,0,0
"Cng-46",0,19.8237885462555,0,0,0,3.9647577092511,0,0,0,1.76211453744493,18.942731277533,0,1.76211453744493,0,0,0,3.08370044052863,0,0,6.6079295154185,0,0,0,0,0,0,4.84581497797357,1.3215859030837,0,0.440528634361234,0,3.9647577092511,32.5991189427313,0,0.881057268722467,0,0
"Cng-47",0,13.4715025906736,0.518134715025907,0,0,4.14507772020725,0,0,0,1.55440414507772,17.0984455958549,0,0.518134715025907,0,0,0,2.07253886010363,0,0,3.10880829015544,0,0,0,0,0.518134715025907,6.73575129533679,2.07253886010363,2.59067357512953,0,0.518134715025907,0,3.10880829015544,38.860103626943,0,1.03626943005181,0,2.07253886010363
"Cng-48",1.27388535031847,10.1910828025478,0,0,0,0.636942675159236,0,0.318471337579618,0,0.318471337579618,1.59235668789809,0.318471337579618,0.636942675159236,0,0,0,1.59235668789809,0,0,0.318471337579618,0,0,0,0,0,0.318471337579618,0,0.636942675159236,0,0,0,3.82165605095541,76.4331210191083,1.27388535031847,0.318471337579618,0,0
"Cng-49",0.434782608695652,21.304347826087,0.434782608695652,0.434782608695652,0,1.30434782608696,0,0,0,0.434782608695652,23.0434782608696,0,2.60869565217391,0,0,0,3.91304347826087,0,0,3.91304347826087,0,0,0,0.434782608695652,0,0.434782608695652,0.869565217391304,3.04347826086957,1.30434782608696,0.434782608695652,0,0,35.2173913043478,0,0,0,0.434782608695652
"Cng-50",3.40136054421769,31.9727891156463,0,0,0,5.4421768707483,0,0,0,2.04081632653061,21.0884353741497,0,6.12244897959184,0,0,0,0.680272108843537,0,0,11.5646258503401,0,0,0,0.680272108843537,0,0.680272108843537,2.72108843537415,4.08163265306122,2.04081632653061,0.680272108843537,0,5.4421768707483,0,1.36054421768707,0,0,0
"Cng-51",2.4390243902439,21.1382113821138,0,0,0,0.813008130081301,0,0.813008130081301,0,0,33.3333333333333,0,2.4390243902439,0,0,0,0,0,0,8.94308943089431,0,0,0,0,0,1.6260162601626,13.0081300813008,8.94308943089431,0,1.6260162601626,0,2.4390243902439,0,0,1.6260162601626,0,0.813008130081301
"Cng-52",0,28.3185840707965,0,0,0,0,0,0,0,3.53982300884956,38.0530973451327,0,0,0,0,0,2.65486725663717,0,0,9.73451327433628,0,0,0,0,2.65486725663717,3.53982300884956,1.76991150442478,2.65486725663717,5.30973451327434,0,0,0,1.76991150442478,0,0,0,0
"Cng-53",1.73913043478261,24.3478260869565,1.73913043478261,0,0,3.47826086956522,0,0,0,3.47826086956522,19.1304347826087,0,1.73913043478261,0,0,0,5.21739130434783,0,0,8.69565217391304,0,0,0,0.869565217391304,1.73913043478261,0,6.08695652173913,6.95652173913043,0.869565217391304,1.73913043478261,0,3.47826086956522,4.34782608695652,0,0,0,4.34782608695652
"Cng-54",0,29.0780141843972,0.709219858156028,0,0,0,0,0,0,7.80141843971631,28.3687943262411,0,1.41843971631206,0,0,0,3.54609929078014,0,0,16.3120567375887,0,0,0,0.709219858156028,0,0.709219858156028,2.12765957446809,2.12765957446809,0,0,0,4.25531914893617,1.41843971631206,0,0,0,1.41843971631206
"Cng-55",3.07692307692308,0,0,0,0,0,0,0,0,9.23076923076923,26.1538461538462,0,4.61538461538462,0,0,0,7.69230769230769,0,0,16.9230769230769,0,0,0,0,3.07692307692308,0,9.23076923076923,6.15384615384615,0,0,0,9.23076923076923,0,0,0,0,4.61538461538462
"Cng-56",0,0,0,6.04395604395604,0,1.64835164835165,0,4.94505494505495,0,0,9.89010989010989,0,3.84615384615385,0,0,0,0,0,0,6.59340659340659,0,0,0,7.14285714285714,3.2967032967033,29.6703296703297,3.84615384615385,3.2967032967033,1.0989010989011,2.74725274725275,0,7.69230769230769,0,0,0,2.74725274725275,5.49450549450549
"Cng-57",1.52671755725191,0,0,5.34351145038168,0,5.34351145038168,0,6.87022900763359,0,0,16.793893129771,2.29007633587786,3.81679389312977,0,0,6.87022900763359,0,0,0,9.16030534351145,0,0,0,0,0,17.5572519083969,4.58015267175572,2.29007633587786,1.52671755725191,0.763358778625954,0,0,0,0.763358778625954,0.763358778625954,2.29007633587786,11.4503816793893
"Cng-58",0,0,0,2.01342281879195,0,0,0,2.68456375838926,0,0.671140939597315,20.1342281879195,0,1.34228187919463,0,0,0,0,0,0,2.01342281879195,0,0,0,1.34228187919463,0.671140939597315,26.8456375838926,6.04026845637584,2.68456375838926,2.68456375838926,0,0,23.489932885906,1.34228187919463,0,0,4.69798657718121,1.34228187919463
"Cng-59",0,0,0,0.617283950617284,0,0,0,0,0,0.617283950617284,19.1358024691358,0.617283950617284,3.7037037037037,0,0,0,0.617283950617284,0,0,15.4320987654321,0,0,0,4.93827160493827,0.617283950617284,9.87654320987654,9.87654320987654,3.7037037037037,3.08641975308642,1.23456790123457,0,14.8148148148148,0,0,0.617283950617284,4.93827160493827,5.55555555555556
"Cng-60",0,0,0,4.66666666666667,0,2,0,4.66666666666667,0,3.33333333333333,15.3333333333333,0,6,0,0,0,1.33333333333333,0,0,14.6666666666667,0,0,0,0,2,4.66666666666667,14.6666666666667,3.33333333333333,4,0,0,5.33333333333333,0,0,0,1.33333333333333,12.6666666666667
"Cng-61",0,0,0,0.921658986175115,0,0,0,2.30414746543779,0,0,6.45161290322581,0,2.30414746543779,0,0,0,0,0,0,3.68663594470046,0,0,0,2.76497695852535,0,1.84331797235023,0,0.921658986175115,0,0,0,0.921658986175115,0.460829493087558,0,0,0.921658986175115,76.4976958525346
"Cng-62",0.436681222707424,0,0,0.436681222707424,0,0.873362445414847,0,1.31004366812227,0,0.873362445414847,7.86026200873363,0,24.4541484716157,0,0,0,0,0,0,2.62008733624454,0,0,0,17.9039301310044,3.93013100436681,22.707423580786,0,0,0,0,0,1.31004366812227,0,0,0,0,15.2838427947598
"Cng-63",0,0,0,0,0,0.904977375565611,0,0.904977375565611,0,0,2.26244343891403,0,10.8597285067873,0,0,0,0,0,0,66.0633484162896,0,0,0,8.5972850678733,1.35746606334842,2.71493212669683,3.16742081447964,0.452488687782805,0.452488687782805,0.452488687782805,0,0.904977375565611,0.452488687782805,0,0,0.452488687782805,0
"Cng-64",0.543478260869565,0,0,0.543478260869565,0,1.08695652173913,0,7.60869565217391,0,0,3.80434782608696,0,28.804347826087,0,0,0,1.08695652173913,0,0,26.0869565217391,0,0,0,2.71739130434783,0,3.26086956521739,4.34782608695652,2.17391304347826,0,0,0,16.304347826087,0,0,0,1.08695652173913,0.543478260869565
"Cng-65",0.549450549450549,7.69230769230769,0,0,0,1.64835164835165,0,0.549450549450549,0,0,20.3296703296703,2.1978021978022,0,0,0,0,0,0,0,0.549450549450549,0,0,0,1.64835164835165,0,17.5824175824176,15.3846153846154,0.549450549450549,0,0,0,1.64835164835165,0.549450549450549,9.89010989010989,0,18.1318681318681,1.0989010989011
"Cng-66",1.56739811912226,8.77742946708464,0,0,0,5.01567398119122,0,2.19435736677116,0,2.50783699059561,5.95611285266458,0.313479623824451,0,0,0,1.25391849529781,4.38871473354232,0,0,2.82131661442006,0,0,0,2.50783699059561,0.313479623824451,4.07523510971787,44.5141065830721,0,1.25391849529781,0,0,2.50783699059561,0.940438871473354,3.13479623824451,0,3.13479623824451,2.82131661442006
"Cng-67",0.469483568075117,6.57276995305164,0,0,0,7.04225352112676,0,6.10328638497653,0,0.469483568075117,9.38967136150235,0,0.469483568075117,0,0,2.8169014084507,2.34741784037559,0,0,0.938967136150235,0,0,0,7.981220657277,0.469483568075117,0.938967136150235,31.924882629108,0,0.469483568075117,0,0,10.3286384976526,0,3.75586854460094,0,7.04225352112676,0.469483568075117
"Cng-68",1.5748031496063,0,0,0,0,0,5.51181102362205,0,0,0,10.2362204724409,0,1.5748031496063,0,0,0,0,0,0,0,0,0,0,12.5984251968504,20.4724409448819,5.51181102362205,17.3228346456693,24.4094488188976,0,0,0,0,0,0,0,0.78740157480315,0
"Cng-69",3.09278350515464,0,1.03092783505155,1.03092783505155,0,1.03092783505155,19.5876288659794,0,0,0,0,1.03092783505155,8.24742268041237,0,0,0,0,0,0,3.09278350515464,0,0,0,2.06185567010309,14.4329896907216,7.21649484536082,7.21649484536082,19.5876288659794,3.09278350515464,0,0,7.21649484536082,0,0,0,0,1.03092783505155
"Cng-70",2.7972027972028,0,0.699300699300699,0.699300699300699,0,1.3986013986014,9.09090909090909,11.1888111888112,0,0,12.5874125874126,3.4965034965035,18.1818181818182,0,0,0,0,0,0,2.0979020979021,0,0,0,0,6.29370629370629,0.699300699300699,0,29.3706293706294,0,0,0,1.3986013986014,0,0,0,0,0
"Cng-71",1.3215859030837,6.6079295154185,0,0,0,0,0,7.04845814977974,0,1.3215859030837,13.6563876651982,0,1.3215859030837,0,0,0,1.3215859030837,0,0,2.20264317180617,0,0,0,4.84581497797357,0,2.20264317180617,0,2.6431718061674,2.6431718061674,0,0,2.20264317180617,0.440528634361234,17.1806167400881,0,33.0396475770925,0
"Cng-72",48.4018264840183,0,0,0,0,0,0,0,0,0,1.82648401826484,0,0.91324200913242,0,0,0,0,0,0,20.5479452054795,0,0,0,0,12.7853881278539,0,0,10.0456621004566,1.82648401826484,0,0,3.65296803652968,0,0,0,0,0
"Cng-73",0.588235294117647,0,0.588235294117647,0,0,0.588235294117647,0,8.23529411764706,0,0,6.47058823529412,0,22.3529411764706,0,0,0,0,0,0,2.94117647058824,0,0,0,0,0,0,0,6.47058823529412,1.76470588235294,1.76470588235294,0,15.8823529411765,5.88235294117647,1.76470588235294,0,24.7058823529412,0
"Cng-74",3.09734513274336,0,0,0.442477876106195,0,0,0,2.21238938053097,0,0,0,0,29.2035398230088,0,0,1.32743362831858,0,0,0,2.65486725663717,0,0,0,0,1.32743362831858,0,0,10.1769911504425,0.884955752212389,9.29203539823009,0,13.716814159292,14.6017699115044,11.0619469026549,0,0,0
"Cng-75",6.69642857142857,1.78571428571429,0,0,0,0,0,0.446428571428571,0,0.446428571428571,5.35714285714286,0,17.4107142857143,0,0,0.446428571428571,0,0,0,1.78571428571429,0,0,0,0,0.446428571428571,0,0,22.3214285714286,0,1.78571428571429,0,8.48214285714286,6.25,14.7321428571429,0,11.6071428571429,0
"Cng-76",7.56756756756757,12.972972972973,0,0,0,2.16216216216216,0,1.08108108108108,0,0,0.540540540540541,0,7.56756756756757,0,0,1.62162162162162,35.1351351351351,0,0,2.16216216216216,0,0,0,0,0,0,0,2.16216216216216,0,1.08108108108108,0,0.540540540540541,11.3513513513514,14.0540540540541,0,0,0
"Gb_1",6.69456066945607,0,0,0,0,5.85774058577406,11.2970711297071,0,0,0,0,0,0,24.6861924686192,0,0.418410041841004,0,0,0,2.51046025104602,3.34728033472803,0,0,0,0,0,0.836820083682008,2.09205020920502,15.0627615062762,0.418410041841004,0,0,21.3389121338912,0,0,5.43933054393306,0
"Gb_2",7.12945590994371,0,0,0,0,0.562851782363977,0.562851782363977,0.187617260787992,0,0.375234521575985,0,0,0,82.5515947467167,0,0,0,0,0,0,3.18949343339587,0.375234521575985,0.375234521575985,0,0,0,0.187617260787992,0.375234521575985,1.12570356472795,0,0,0,0,0.375234521575985,0,2.6266416510319,0
"Gb_3",7.37100737100737,0,0,0,0,0,1.22850122850123,0,0,0.245700245700246,0,0,0,65.8476658476659,0,0.245700245700246,0,0,0,1.96560196560197,11.0565110565111,1.71990171990172,1.71990171990172,0,0,0,0.982800982800983,0.491400491400491,2.7027027027027,0,0,0,0,0.491400491400491,0.245700245700246,3.68550368550369,0
"Gb_4",7.98004987531172,0,0,0,0,0,0.997506234413965,0,0,0.249376558603491,0,0,0,62.0947630922693,0,0.498753117206983,0,0,0,0.997506234413965,10.9725685785536,2.49376558603491,2.49376558603491,0,0,0,0.498753117206983,0.997506234413965,1.99501246882793,0,0,0,0,0.249376558603491,0,7.48129675810474,0
"Gb_5",8.56164383561644,0,0,0,0,0,0.684931506849315,0,0,0,0.342465753424658,0,0,55.4794520547945,0,1.36986301369863,0,0,0,3.42465753424658,4.45205479452055,2.3972602739726,2.3972602739726,0,0,0,0.342465753424658,0.684931506849315,7.87671232876712,0.684931506849315,0,0,6.50684931506849,0,0,4.79452054794521,0
"Gb_6",14.3835616438356,0,0,0.342465753424658,0,0.342465753424658,0.342465753424658,1.02739726027397,0,2.05479452054794,0.342465753424658,0,0,43.1506849315069,0,1.02739726027397,0,0,0,0,11.6438356164384,4.79452054794521,4.79452054794521,0,0,0,0.684931506849315,0.684931506849315,3.76712328767123,0,0.342465753424658,0,4.45205479452055,0.342465753424658,0.684931506849315,4.79452054794521,0
"Gb_7",3.16205533596838,0,0,0,0,3.55731225296443,4.34782608695652,0,0,0,0,0,0,7.90513833992095,0,0.395256916996047,0,0,0,0,20.9486166007905,1.18577075098814,1.18577075098814,0,0.395256916996047,0,0.790513833992095,4.74308300395257,1.18577075098814,0,0,1.18577075098814,0,0.395256916996047,3.95256916996047,44.6640316205534,0
"Gb_8",1.22448979591837,0,0,0,0,1.63265306122449,1.22448979591837,0,0,0.408163265306122,0,0,0,32.6530612244898,0,0,0,0,0,0,4.08163265306122,0,0,0,0,0,0.408163265306122,8.16326530612245,0.408163265306122,0,0,0,0.408163265306122,0,0,49.3877551020408,0
"Gb_9",5.68720379146919,0,0,0,0,0,3.7914691943128,0,0,0,0,0,0,51.1848341232227,0,0.947867298578199,0,0,0,0,19.9052132701422,0.4739336492891,0.4739336492891,0,0,0,0.947867298578199,2.8436018957346,3.7914691943128,0,0,0,1.4218009478673,0,0.4739336492891,8.05687203791469,0
"Gb_10",2.56410256410256,0,0,0,0,7.69230769230769,1.92307692307692,0.641025641025641,0,0,0,0.641025641025641,0,49.3589743589744,0,1.28205128205128,0,0,0,0,10.2564102564103,0,0,0,0,0,1.28205128205128,8.97435897435897,2.56410256410256,1.28205128205128,0,0,0,0,0,11.5384615384615,0
"Gb_11",7.84313725490196,0,0,0,0,11.1111111111111,1.96078431372549,0.65359477124183,0,0,0,0,0,22.8758169934641,0,0,0,0,0,0,7.18954248366013,0,0,0,0,0,0,5.22875816993464,24.1830065359477,0,0,0,0,0.65359477124183,0,18.3006535947712,0
"Gb_12",3.84615384615385,0,0,0,0,13.4615384615385,2.30769230769231,0,0,0,0,0,0,45.7692307692308,0,0,0,0,0,0.384615384615385,5.38461538461539,0,0,0,0,0,0.384615384615385,4.23076923076923,6.92307692307692,0,0,0,0,0,0,17.3076923076923,0
"Gb_13",2.51256281407035,0,0,0,0,10.0502512562814,2.51256281407035,0,0,0.50251256281407,0,0,0,15.5778894472362,0,0.50251256281407,0,0,0,1.00502512562814,14.572864321608,0,0,0,0,0,0.50251256281407,7.53768844221105,7.53768844221105,0,0,0,0,0,1.00502512562814,36.1809045226131,0
"Gb_14",1.85185185185185,0,0,0,0,3.24074074074074,5.55555555555556,0,0,0,0,0,0,13.4259259259259,0,0,0,0,0,0,27.3148148148148,1.85185185185185,1.85185185185185,0,0,0,0.925925925925926,3.24074074074074,1.85185185185185,0,0,0,0.925925925925926,2.31481481481481,0.462962962962963,34.7222222222222,0.462962962962963
"Gb_15",5.11627906976744,0,0,0,0,4.65116279069767,6.51162790697674,0,0,0,0,0,0,22.3255813953488,0,0,0,0,0,0,17.2093023255814,2.7906976744186,2.7906976744186,0,0,0,0,9.76744186046512,1.86046511627907,0,0,0,0.465116279069767,3.25581395348837,1.86046511627907,21.3953488372093,0
"Gb_16",5.58375634517767,0,0,0,0,10.6598984771574,1.01522842639594,0,0,0,0,0,0,18.7817258883249,0,0.50761421319797,0,0,0,0,28.4263959390863,2.03045685279188,2.03045685279188,0,0,0,0,5.0761421319797,2.03045685279188,0.50761421319797,0,0,0,0.50761421319797,0.50761421319797,22.3350253807107,0
"Gb_Tchad1",0.956937799043062,47.8468899521531,0,0,0,8.61244019138756,0,0,0,0,0,1.91387559808612,0.956937799043062,0,0,0,2.39234449760766,0,0,4.30622009569378,0,0.956937799043062,0.956937799043062,0,6.2200956937799,0,0,0,0,0,1.91387559808612,0,0,0,0,16.7464114832536,6.2200956937799
"Gb_Tchad2",0,0,1.70648464163823,1.70648464163823,0,5.11945392491468,2.73037542662116,10.2389078498294,0,0,0,1.02389078498294,0,0,0,0,1.02389078498294,0,0.68259385665529,0,0,4.09556313993174,4.09556313993174,0,5.80204778156997,0,0,5.11945392491468,0,0,3.07167235494881,0,0.68259385665529,0,3.41296928327645,0,49.4880546075085
"Gb_Tchad3",0,0,0,2.85714285714286,3.21428571428571,0.714285714285714,1.78571428571429,1.78571428571429,0,0,0,2.14285714285714,1.07142857142857,0,1.78571428571429,0,0.714285714285714,0,1.78571428571429,0,0,15.3571428571429,15.3571428571429,0,3.92857142857143,0,0,6.42857142857143,0,0,0,0,0,0,0,2.14285714285714,38.9285714285714
"Gb_Doubou1",0,0,0,0,0.892857142857143,0,0,0,0,0,0,0,0.892857142857143,0,0,0,0,0,0,1.00446428571429,0,0,0,0,0,0,0,96.3169642857143,0,0,0,0,0.334821428571429,0,0.111607142857143,0.334821428571429,0.111607142857143
"Gb_Doubou2",0,0,0,5.41310541310541,0,0,0,0,0,0,0,0,0.284900284900285,0,0,0,0,0,0,0,0,0,0,0,0,0,0,82.3361823361823,11.3960113960114,0,0,0,0,0,0,0,0.56980056980057
"Gb_Doubou3",0.704225352112676,0,0,5.28169014084507,0,0,0.352112676056338,0.704225352112676,0,0,0,0,0.704225352112676,0,0,0,0,0,0,0,0,0.352112676056338,0.352112676056338,0,0,0,0,90.1408450704225,0,0,0,0,0,0,0,1.05633802816901,0.352112676056338
"Gb_Doubou4",0,0,0,18.9189189189189,1.8018018018018,0,0,0,0,0,0,0,6.30630630630631,0,0,0,0,0,0,0,0,0,0,0,0,0,0,68.4684684684685,0,0,0,0,0,0,0,0,4.5045045045045
"Gb_Sogadel1",0,0.291545189504373,0,2.04081632653061,0,0,0,0,0,0,0,0,0.145772594752187,0,0.583090379008746,0,0,0,0.145772594752187,0,0,0.145772594752187,0.145772594752187,0,0,0,0,96.5014577259475,0,0,0,0,0,0,0,0,0
"Gb_Massou1",0,0,0,0,0,1.06007067137809,0,0,0,0,0,0,0.88339222614841,0,0.176678445229682,0,0,0,0.530035335689046,0,0,0,0,0,0,0,0,97.3498233215548,0,0,0,0,0,0,0,0,0
"Gb_Bengui1",0,0,5.11182108626198,25.8785942492013,0.319488817891374,1.91693290734824,3.51437699680511,0,0,0,0,0,6.0702875399361,0,1.91693290734824,0,0,0,5.11182108626198,4.79233226837061,0,3.51437699680511,3.51437699680511,0,10.223642172524,0.319488817891374,0,19.1693290734824,0,0,0,0,0,0,0,3.19488817891374,5.43130990415335
"Gb-04_47",0,0,1.953125,10.9375,0,21.875,3.90625,0.78125,0,0,0,2.734375,0,0,0,0,0,0,0,4.6875,0,9.375,9.375,0,9.375,1.953125,0,0.390625,0,0,9.765625,0,0.78125,0,0,5.859375,6.25
"Gb-04_48",2.7906976744186,0.930232558139535,13.0232558139535,2.32558139534884,1.3953488372093,20.4651162790698,0,6.04651162790698,0.465116279069767,0,1.86046511627907,0.930232558139535,0,6.51162790697674,0,0,2.32558139534884,0,0,0.465116279069767,0,6.04651162790698,6.04651162790698,0,0,23.2558139534884,0,0,0,0,0,0,0,0,0,0,5.11627906976744
"Gb-04_49",5.83333333333333,5,8.33333333333333,12.5,10,20,0,0,0,0,0,0,5,0,0,0,5,0,0,0,0,0,0,0,0.833333333333333,0,0,3.33333333333333,0,0,0,0,0,0,0,0,24.1666666666667
"Gb-04_50",4.0650406504065,0,10.5691056910569,6.09756097560976,0.813008130081301,13.4146341463415,0,0.40650406504065,0,0,2.03252032520325,4.47154471544715,0,6.50406504065041,2.84552845528455,0,0,0,0.813008130081301,0,0,22.7642276422764,22.7642276422764,0,1.6260162601626,0.40650406504065,0,0.40650406504065,0,0,0,0,0,0,0,0,0
"Gb-04_51",0.657894736842105,0,14.1447368421053,1.97368421052632,0,3.94736842105263,0,0,0,0,73.6842105263158,3.28947368421053,0.657894736842105,0.328947368421053,0,0,0.328947368421053,0,0,0,0,0,0,0,0,0,0,0.328947368421053,0,0,0,0,0,0,0,0,0.657894736842105
"Gb-04_65",1.44927536231884,0.483091787439614,7.2463768115942,8.21256038647343,1.93236714975845,13.0434782608696,0,5.31400966183575,0,0,2.41545893719807,0.483091787439614,0,2.41545893719807,0,0,0,0,0,0,0,1.44927536231884,1.44927536231884,0,0.966183574879227,1.44927536231884,0,0.483091787439614,0.483091787439614,0,15.9420289855072,0,0,0,0,34.2995169082126,0.483091787439614
"Gb-04_69",1.84331797235023,0.460829493087558,2.30414746543779,5.52995391705069,0.460829493087558,14.7465437788018,7.37327188940092,0,0,0,1.84331797235023,0.460829493087558,4.60829493087558,0,0,0,0,0,0,0.460829493087558,1.84331797235023,8.75576036866359,8.75576036866359,0,11.0599078341014,2.30414746543779,0,0.460829493087558,21.6589861751152,0.921658986175115,0,0,0,0,0,1.84331797235023,2.30414746543779
"Gb-04_86",0,0,11.8959107806691,21.1895910780669,0.743494423791822,1.11524163568773,1.85873605947955,2.23048327137546,0,0,2.60223048327138,1.11524163568773,2.60223048327138,2.23048327137546,0,0,0,0,0,0.743494423791822,0,20.4460966542751,20.4460966542751,0,1.85873605947955,0,0,2.60223048327138,2.97397769516729,0,0,0,0,0,0,0,3.3457249070632
"Gb-04_92",8.33333333333333,0,1.25,25,0,25,0,3.75,0,0,4.58333333333333,1.25,0,0,0,0,0,0,0,0,0,0,0,0,1.66666666666667,0,0,0,25,4.16666666666667,0,0,0,0,0,0,0
"Gb-04_96",0.595238095238095,2.97619047619048,3.57142857142857,8.92857142857143,1.78571428571429,8.33333333333333,0,0,0,0,5.35714285714286,0.595238095238095,0,0.595238095238095,0,0,0,0,0,0,0,19.6428571428571,19.6428571428571,0,0,1.19047619047619,0,1.78571428571429,0,1.19047619047619,16.0714285714286,0,6.54761904761905,0,1.19047619047619,0,0
"Gb-04_110",0,1.20481927710843,6.02409638554217,3.01204819277108,0,9.63855421686747,0.602409638554217,6.62650602409639,0,0.602409638554217,4.21686746987952,36.144578313253,0.602409638554217,0,0,0,1.20481927710843,0,0,0,0,0,0,1.20481927710843,6.02409638554217,2.40963855421687,0,1.20481927710843,1.80722891566265,2.40963855421687,0.602409638554217,0.602409638554217,0,1.80722891566265,0,6.02409638554217,6.02409638554217
"Gb-04_111",0.829875518672199,4.5643153526971,4.5643153526971,2.0746887966805,0.829875518672199,5.80912863070539,1.6597510373444,1.2448132780083,0,0,3.3195020746888,32.3651452282158,0,1.2448132780083,0,0,0,0,0,0.4149377593361,0,9.54356846473029,9.54356846473029,0,6.22406639004149,0,0,0,0,3.7344398340249,6.63900414937759,0,0,0,0,3.3195020746888,2.0746887966805
"Gb-04_118",0.328947368421053,0.328947368421053,4.93421052631579,11.8421052631579,0.328947368421053,24.0131578947368,0,0,0,0,3.28947368421053,1.31578947368421,1.64473684210526,0.328947368421053,0,0,0,0,1.31578947368421,0,0,20.7236842105263,20.7236842105263,0,0,4.93421052631579,0,0.986842105263158,0,0.657894736842105,0,0,0,0,0,0.657894736842105,1.64473684210526
"Gb-04_52",0,0,3.15315315315315,0,4.05405405405405,0,2.25225225225225,4.05405405405405,0,0,5.85585585585586,13.0630630630631,0.45045045045045,0,0,0,0,0,0,4.5045045045045,0,8.10810810810811,8.10810810810811,0,1.8018018018018,27.027027027027,1.8018018018018,7.20720720720721,3.15315315315315,0,0,0,0,0,0.45045045045045,0,4.95495495495495
"Gb-04_60",0,0,0,3.32409972299169,6.37119113573407,9.14127423822715,0,5.54016620498615,0,0,0,3.8781163434903,0,0,1.66204986149584,0,2.77008310249307,0,0,0.554016620498615,0,16.6204986149584,16.6204986149584,0,6.09418282548476,2.77008310249307,0,0,3.32409972299169,0,12.7423822714681,3.8781163434903,0,0,0,0,4.70914127423823
"Gb-04_61",0,0,0.324675324675325,5.51948051948052,1.62337662337662,11.038961038961,0,0,0,0,0,4.54545454545455,0,0,0,0,0,0,0,0.324675324675325,0,32.4675324675325,32.4675324675325,0,2.92207792207792,1.94805194805195,0,0,0,0,5.51948051948052,0,0,0,0,1.2987012987013,0
"Gb-04_62",0.27027027027027,0,0,2.7027027027027,0,10.2702702702703,0,0.540540540540541,0,0,0.810810810810811,4.86486486486486,0,0,0,0,0,0,0,0,0,27.027027027027,27.027027027027,0,5.40540540540541,0,0,0,1.35135135135135,0,11.8918918918919,0,0,0,0,3.78378378378378,4.05405405405405
"Gb-04_63",6.42570281124498,0,1.20481927710843,2.40963855421687,0.401606425702811,50.6024096385542,0,0,0,0,5.62248995983936,1.20481927710843,0,0,0,0,0.803212851405622,0,0.401606425702811,0.803212851405622,0,5.62248995983936,5.62248995983936,0,0.401606425702811,1.60642570281124,0,0,0.803212851405622,0,7.63052208835341,0,0,0,0,2.00803212851406,6.42570281124498
"Gb-04_64",0,0,0,1.73913043478261,5.79710144927536,6.66666666666667,0,1.15942028985507,0,0,7.2463768115942,2.02898550724638,0,0.579710144927536,1.15942028985507,0,4.05797101449275,0,0,0.579710144927536,0,15.9420289855072,15.9420289855072,0,3.18840579710145,0,0,0,3.76811594202899,4.05797101449275,4.34782608695652,8.40579710144928,0,0,0,3.47826086956522,9.85507246376812
"Gb-04_66",0,0,0,0.743494423791822,6.31970260223048,21.1895910780669,1.11524163568773,1.48698884758364,0,0,0,0,0,5.94795539033457,0,0,0,0,0,0.371747211895911,0,20.0743494423792,20.0743494423792,0,2.23048327137546,1.85873605947955,0,0,1.85873605947955,0,14.1263940520446,0,0,0,0,0,2.60223048327138
"Gb-04_68",0,0,0,0,3.64372469635628,2.02429149797571,4.04858299595142,1.61943319838057,0,0.404858299595142,3.64372469635628,0.809716599190283,0,1.21457489878543,0,0,0,0,0,0,0,21.0526315789474,21.0526315789474,0,2.42914979757085,2.02429149797571,0,0.809716599190283,6.88259109311741,0,27.1255060728745,0,0.404858299595142,0,0,0,0.809716599190283
"Gb-04_70",0,2.55102040816327,0,1.02040816326531,2.55102040816327,12.7551020408163,1.02040816326531,0,0,1.53061224489796,2.55102040816327,0,0,1.02040816326531,2.55102040816327,0,1.53061224489796,0,0,0,0,10.2040816326531,10.2040816326531,0,3.57142857142857,25.5102040816327,0,0.510204081632653,3.57142857142857,0,11.734693877551,0,0,0,0,0,5.61224489795918
"Gb-04_71",0,1.45631067961165,7.28155339805825,0,0,12.1359223300971,0,0,0,1.45631067961165,3.39805825242718,0.485436893203883,4.85436893203883,0,6.31067961165049,0,0,0,0,0.485436893203883,0,21.3592233009709,21.3592233009709,0,0,0.485436893203883,0,0.485436893203883,1.45631067961165,4.85436893203883,3.88349514563107,0,0,0,0,0,8.25242718446602
"Gb-04_72",0.56980056980057,0,0,0.854700854700855,0.854700854700855,11.6809116809117,1.70940170940171,0.56980056980057,0,0.56980056980057,11.3960113960114,4.55840455840456,0,0,0.56980056980057,0,0.854700854700855,0,0,0.284900284900285,0,8.83190883190883,8.83190883190883,0,2.27920227920228,1.99430199430199,0,0,0,0,16.5242165242165,0,0,0,0,0,27.0655270655271
"Gb-04_73",0.740740740740741,0,0,4.44444444444444,0.740740740740741,14.8148148148148,0.740740740740741,0,0,0,4.44444444444444,5.18518518518519,0,0,0,0,1.85185185185185,0,0,0.37037037037037,0,15.9259259259259,15.9259259259259,0,11.1111111111111,0,0,0,0,1.48148148148148,10,0.740740740740741,0,0,0,0.740740740740741,10.7407407407407
"Gb-04_74",0,0.588235294117647,0,6.47058823529412,1.76470588235294,16.4705882352941,0.588235294117647,3.52941176470588,0,4.11764705882353,3.52941176470588,2.35294117647059,0,0,0,0,1.76470588235294,0,0,0.588235294117647,0,7.64705882352941,7.64705882352941,0,7.64705882352941,0,0,3.52941176470588,0,4.11764705882353,21.1764705882353,0,0,0,0,1.17647058823529,5.29411764705882
"Gb-04_75",0,1.49253731343284,0,2.61194029850746,0.746268656716418,0,2.23880597014925,0,0,0,7.83582089552239,2.61194029850746,0,0,0,0,0,0,0,4.47761194029851,0,3.73134328358209,3.73134328358209,0,6.34328358208955,3.73134328358209,0,0.746268656716418,0,4.47761194029851,50.3731343283582,1.49253731343284,0,0,0,1.11940298507463,2.23880597014925
"Gb-04_76",0,0.666666666666667,3,2.66666666666667,5.66666666666667,28.3333333333333,0,0,0,1.33333333333333,18.6666666666667,5,0,0,0,0,0.666666666666667,0,0,1.66666666666667,0,11.3333333333333,11.3333333333333,0,3,0,0,2,0.666666666666667,0.666666666666667,1.66666666666667,0,0,0,0,0.333333333333333,1.33333333333333
"Gb-04_81",0,0,0,0.900900900900901,0,9.45945945945946,9.00900900900901,0,0,0,4.05405405405405,6.75675675675676,0,0,0,0,2.7027027027027,0,3.15315315315315,0,0,5.85585585585586,5.85585585585586,0,8.10810810810811,0,0,0,0,1.8018018018018,26.1261261261261,0,0,0,0,4.95495495495495,11.2612612612613
"Gb-04_82",2.41545893719807,0,0,3.38164251207729,2.89855072463768,18.3574879227053,3.86473429951691,1.44927536231884,0,1.93236714975845,7.2463768115942,9.17874396135266,0,0,0,0,1.93236714975845,0,0.483091787439614,2.41545893719807,0,9.66183574879227,9.66183574879227,0,1.93236714975845,0.483091787439614,0,1.44927536231884,3.38164251207729,0,11.1111111111111,0,0,0,0,0.483091787439614,6.28019323671498
"Gb-04_83",0,1.30434782608696,0,1.73913043478261,15.2173913043478,10.4347826086957,0,1.73913043478261,0,3.47826086956522,6.08695652173913,20.4347826086957,0,0,0,0,2.17391304347826,0,0.869565217391304,2.17391304347826,0,6.52173913043478,6.52173913043478,0,1.30434782608696,0,0,0.869565217391304,3.04347826086957,1.73913043478261,8.69565217391304,0,0,0,0,0,5.65217391304348
"Gb-04_84",0,0,0,3.6231884057971,3.26086956521739,0.72463768115942,0.36231884057971,1.44927536231884,0,0.72463768115942,3.6231884057971,3.98550724637681,0.72463768115942,0,0.72463768115942,0,0.36231884057971,0,1.44927536231884,3.98550724637681,0,11.231884057971,11.231884057971,0,0.36231884057971,0,0,0.72463768115942,1.44927536231884,1.81159420289855,9.78260869565217,30.0724637681159,0,0,0,3.26086956521739,5.07246376811594
"Gb-04_87",0,3.79008746355685,0,1.74927113702624,10.7871720116618,0,1.16618075801749,0,0,1.74927113702624,2.04081632653061,0.87463556851312,0,0,0,0,0.87463556851312,0,0,4.66472303206997,0,10.4956268221574,10.4956268221574,0,0.291545189504373,0,0,0,0,3.49854227405248,32.3615160349854,0,0,0,0,2.91545189504373,12.2448979591837
"Gb-04_88",1.0498687664042,3.6745406824147,0,1.83727034120735,7.8740157480315,11.8110236220472,0.5249343832021,1.5748031496063,0,2.88713910761155,4.1994750656168,0,0.26246719160105,0,0,0,7.3490813648294,0,0,1.0498687664042,0,11.8110236220472,11.8110236220472,0,3.6745406824147,0,0,0,3.1496062992126,4.46194225721785,5.7742782152231,8.9238845144357,0,0,0,2.36220472440945,3.93700787401575
"Gb-04_89",0,2.15384615384615,0,0,0,0,1.53846153846154,4.92307692307692,0,0,6.46153846153846,7.07692307692308,0,0,2.15384615384615,0,1.53846153846154,0,0,3.07692307692308,0,27.6923076923077,27.6923076923077,0,3.07692307692308,0,0,0.307692307692308,2.15384615384615,1.53846153846154,6.15384615384615,0,0,0,0,0,2.46153846153846
"Gb-04_90",0,0,0,2.42914979757085,4.8582995951417,12.5506072874494,10.9311740890688,1.61943319838057,0,0.404858299595142,3.23886639676113,6.07287449392713,0,0,0,0,0.404858299595142,0,0,1.21457489878543,0,2.02429149797571,2.02429149797571,0,2.42914979757085,5.26315789473684,0,0.404858299595142,0.809716599190283,0.809716599190283,0.809716599190283,38.4615384615385,0,0,0,0.809716599190283,2.42914979757085
"Gb-04_91",0,2.35294117647059,0,0.784313725490196,0,0.784313725490196,0.392156862745098,7.84313725490196,0,1.56862745098039,3.92156862745098,11.7647058823529,0,0,0,0,1.56862745098039,0,0,0.392156862745098,0,0.392156862745098,0.392156862745098,41.9607843137255,1.96078431372549,0,0,0,0.392156862745098,5.88235294117647,0.784313725490196,0,0,0,0,3.92156862745098,12.9411764705882
"Gb-04_94",0,0,4.04624277456647,2.3121387283237,9.82658959537572,27.4566473988439,0,4.33526011560694,0,0,6.64739884393064,0,0,0,0,0,0.578034682080925,0,0,0,0,0.578034682080925,0.578034682080925,0,2.60115606936416,0,0,0,6.06936416184971,0,21.9653179190751,0,0.578034682080925,0,0,5.20231213872832,7.22543352601156
"Gb-04_95",0,0,0,0,0,1.40845070422535,0.469483568075117,7.981220657277,0,3.28638497652582,16.9014084507042,5.16431924882629,0,0,0.469483568075117,0,0,0,5.16431924882629,4.69483568075117,0,0,0,0,5.16431924882629,0,0,0.938967136150235,7.04225352112676,5.16431924882629,5.63380281690141,18.7793427230047,0,0,0,0,11.7370892018779
"Gb-04_103",0,0.3003003003003,0,0,0,3.9039039039039,1.8018018018018,1.5015015015015,0,0.600600600600601,2.1021021021021,1.8018018018018,0.3003003003003,0,0,0,0.600600600600601,0,0,4.2042042042042,0,11.4114114114114,11.4114114114114,27.027027027027,2.4024024024024,0,0,0,0.3003003003003,2.4024024024024,0,0,0,0,0,24.024024024024,3.9039039039039
"Gb-04_106",0,0,0,2.27272727272727,0.649350649350649,12.987012987013,4.87012987012987,2.27272727272727,0,0.324675324675325,0.649350649350649,3.57142857142857,8.76623376623377,0,0,0,0.974025974025974,0,0.649350649350649,2.27272727272727,0,10.3896103896104,10.3896103896104,2.5974025974026,1.2987012987013,0,0,1.62337662337662,2.27272727272727,0,1.62337662337662,0.324675324675325,0,0,0,27.5974025974026,1.62337662337662
"Gb-04_107",0.444444444444444,0,0,0.444444444444444,2.22222222222222,9.33333333333333,32,1.77777777777778,0,1.33333333333333,2.66666666666667,4.44444444444444,0,0,0,0,0.888888888888889,0,0,3.11111111111111,0,0,0,14.6666666666667,6.22222222222222,0,0,2.22222222222222,0,1.33333333333333,0,2.66666666666667,0,0,0,12,2.22222222222222
"Gb-04_108",0,6.88073394495413,1.8348623853211,1.8348623853211,3.21100917431193,0,0,4.12844036697248,0,4.58715596330275,5.5045871559633,1.8348623853211,0,0,0,0,2.29357798165138,0,0,0,0,3.6697247706422,3.6697247706422,9.1743119266055,2.29357798165138,0,0,0,0,0,0,0,0,0,0,45.8715596330275,3.21100917431193
"Gb-04_109",1.60427807486631,2.13903743315508,1.60427807486631,3.74331550802139,4.27807486631016,0,1.60427807486631,2.67379679144385,0,0,0,2.13903743315508,0,0,0,0,0,0,0,4.27807486631016,0,1.60427807486631,1.60427807486631,8.02139037433155,4.81283422459893,1.60427807486631,0,0,4.27807486631016,1.06951871657754,0,0,0,0,0,48.1283422459893,4.81283422459893
"NIA_PHnov97",0,0,0,0,0,0,0,5.88235294117647,0,0,0,0,15.6862745098039,0,0,0,0,0,0,0,0,0,0,0,0,0,0,78.4313725490196,0,0,0,0,0,0,0,0,0
"NIA_PHjan98",0,0,0,0,0,0,0,7.01754385964912,0,0,0,0,27.1929824561404,0,0,0,0,0,0,0,0,0,0,0,0,0,0,64.0350877192982,0,0,0,0,0.87719298245614,0,0.87719298245614,0,0
"NIA_PHfeb98",0,0,0,0,0,0,0,15.3846153846154,0,0,0,0,38.4615384615385,0,0,0,0,0,0,0,0,0,0,0,0,0,0,38.4615384615385,0,0,0,0,2.56410256410256,0,0,5.12820512820513,0
"NIA23",0,0,0,0,0,0,0,0.454545454545455,0,0,0,0,0,0,0,0,0,0,0,0,0,0,0,0,0,0,0,99.5454545454545,0,0,0,0,0,0,0,0,0
"NIA24",0,0,0,0,0,0,0,0,0,0,0,0,0,0,0.862068965517241,0.431034482758621,0,0,0,0,0,0,0,0,0,0,0,98.7068965517241,0,0,0,0,0,0,0,0,0
"NIA25",0,0,0,0,0,0,0,0,0,0,0,0,0,0,0,0,0,0,0,0,0,0,0,0,0,0,0,100,0,0,0,0,0,0,0,0,0
"NIA26",0,0,0,0.46189376443418,0,0,0,0.46189376443418,0,0,0,0,0,0,0,1.61662817551963,0,0,0,0,0,0,0,0,0,0,0,96.9976905311778,0,0.46189376443418,0,0,0,0,0,0,0
"NIA27",0,0,0,0,0,0,0,0.726392251815981,0,0,0,0.242130750605327,0,0,0,1.69491525423729,0,0,0,0,0,0,0,0,0,0,0,97.3365617433414,0,0,0,0,0,0,0,0,0
"NIA28",0,0,0,0,0,0,0,0.961538461538462,0,0,0,0,0,0,0,0,0,0,0,0,0,0,0,0,0,0,0,99.0384615384615,0,0,0,0,0,0,0,0,0
"NIA29",0,0,0,0.62111801242236,0,0,0,3.41614906832298,0,0,0,0,0,0,0,0,0,0,0,0,0,0,0,0,0,0,0,95.9627329192547,0,0,0,0,0,0,0,0,0
