"","Alchorne","Syzygium","Fagara","Graminea","Bridelia","Pteridop","Indeterm","Polygonu","Cyperace","Amaranth","Composit","Dodonaea","Macarang","Phyllant","Ficus","Nymphaea","Podocarp","Canthium","Allophyl","Typha","Acalypha","Euphorbi","Hypericu","Hymenoca","Myrica","Jasminum","Solanum","Grewia","Pygeum","Umbellif","Urticace","Tribulus","Celtis","Combreta","Ericacea","Impatien","Lorantha","Scheffle","Albizzia","Harungan","Justicia","Rhus","Ilex","Polyscia","Croton","Symphoni","Apodytes","Aloe","Bersama","Olea","Kotschya","Vigna","Polygala","Protea","Hagenia","Prunus","Galinier","Trema","Capparis","Sapium","Pterocar","Ziziphus","Maytenus","Dombeya","Haloraga","Chrysoph","Cissus","Indigofe","Psychotr","Triumfet","Cassipou","Tricalys","Ocimum","Kalancho","Cadaba","Maesa","Carapa.E","Entandro","Strombos","Neobouto","Abutilon","Sideroxy","Lawsonia","Ludwigia","Agrochar","Chron1","Chron10"
"10",0,27,0,97,0,27,7,0,71,1,2,0,5,0,0,4,2,0,1,3,0,0,4,0,3,0,0,0,0,0,0,0,0,0,1,0,0,0,0,0,0,0,0,0,0,0,0,1,0,1,0,0,1,0,0,0,0,0,0,0,0,0,0,0,2,0,0,0,0,0,0,0,0,0,0,0,0,0,0,0,0,0,0,0,0,63.3333320617676,59.3611106872559
"20",0,118,0,96,0,15,4,0,114,1,5,0,3,0,0,5,2,0,0,7,0,0,3,0,0,0,0,0,0,0,0,0,0,0,0,0,0,0,0,0,0,0,0,0,0,0,0,0,0,1,0,0,0,0,0,0,0,0,0,0,0,2,0,0,4,1,0,0,0,0,0,0,0,0,0,0,0,0,0,4,0,0,0,0,0,126.666664123535,118.722221374512
"30",0,77,0,101,0,17,8,0,85,0,6,0,4,0,0,3,4,1,0,1,0,0,4,1,0,0,0,0,0,0,0,0,0,2,0,0,0,1,0,0,0,0,0,1,1,0,0,0,0,2,0,0,0,0,0,0,0,0,0,0,0,3,0,0,2,0,0,0,0,0,0,0,0,0,0,0,0,0,0,6,0,0,0,0,0,190,178.08332824707
"40",0,117,0,79,0,29,3,0,126,0,7,0,4,0,0,2,5,0,0,5,0,1,0,3,5,0,0,0,0,0,0,0,0,0,0,0,0,0,0,0,0,0,0,0,0,0,0,3,0,2,0,0,0,0,0,0,0,0,0,0,0,3,0,0,5,0,1,0,0,0,0,0,0,0,0,0,0,0,0,0,0,0,0,0,0,253.33332824707,237.444442749023
"50",0,105,0,122,0,5,8,0,99,0,4,0,4,0,1,3,1,0,2,6,0,1,1,0,0,0,0,0,0,0,0,0,0,2,0,1,0,0,0,0,0,1,0,0,0,0,0,0,0,1,0,0,0,1,0,0,0,0,0,0,0,0,0,0,2,0,0,0,0,0,0,0,0,0,0,0,0,0,0,3,0,0,0,0,0,316.666656494141,296.805541992188
"60",0,56,0,123,0,41,7,0,166,1,12,0,3,0,0,6,9,0,0,2,0,0,0,3,7,0,0,0,0,0,0,0,1,0,0,0,0,0,0,0,0,0,0,0,0,0,0,0,0,6,0,0,0,0,0,0,0,0,0,1,0,0,0,0,4,2,0,0,0,0,0,0,0,0,1,0,0,0,0,0,0,0,0,0,0,380,356.166656494141
"70",0,73,0,117,0,34,5,0,200,0,9,0,1,0,0,3,4,0,1,3,0,0,0,1,2,0,0,0,0,0,0,0,1,1,0,0,0,0,0,0,0,0,0,0,0,0,0,0,0,1,0,0,0,0,0,0,0,0,0,0,0,1,0,0,2,0,0,0,0,0,0,0,0,0,0,0,0,0,0,0,0,0,0,0,0,443.333343505859,415.527770996094
"80",0,122,0,89,0,101,4,0,159,1,6,0,2,0,0,0,8,0,0,4,0,0,0,0,0,0,0,0,0,0,0,0,0,1,0,0,0,0,0,0,0,0,0,0,2,0,0,0,0,3,0,0,0,0,0,0,0,0,0,1,0,0,0,0,0,1,0,0,0,0,0,0,0,0,0,2,0,0,0,0,0,0,0,0,0,506.666656494141,474.888885498047
"90",0,86,0,109,0,84,1,0,141,2,2,0,2,0,0,1,4,0,1,3,0,0,3,0,0,0,0,0,0,0,0,0,1,0,0,0,0,0,0,0,0,0,0,0,0,0,0,0,0,4,0,0,2,0,0,0,0,0,0,0,0,0,0,0,2,1,0,0,0,0,0,0,0,2,0,0,0,0,0,0,0,0,0,0,0,570,534.25
"100",0,113,0,87,0,44,7,1,110,0,5,0,1,0,0,2,4,2,0,0,1,0,3,0,1,0,0,1,0,0,0,0,3,1,1,0,0,0,0,0,0,0,0,0,0,0,0,0,0,0,0,0,0,1,0,0,0,0,0,0,0,3,0,0,3,0,0,0,0,0,0,0,0,2,0,2,0,0,0,0,0,0,0,0,0,633.333312988281,593.611083984375
"110",0,122,0,53,0,77,5,1,216,1,4,0,2,0,2,1,3,0,0,2,0,0,2,0,1,0,0,0,0,0,0,0,1,0,0,0,0,0,0,0,0,0,0,0,0,0,0,0,0,2,0,0,1,0,1,0,0,0,0,0,0,2,0,0,1,2,0,0,0,0,0,0,0,4,0,0,0,1,0,0,0,0,0,0,0,696.666687011719,652.972229003906
"120",0,103,0,62,0,59,7,0,305,0,4,0,2,0,4,1,4,0,0,0,0,0,3,0,0,0,0,0,0,1,0,0,1,1,0,0,0,0,0,0,0,0,0,0,0,0,0,0,0,2,0,0,1,1,1,0,0,0,0,0,0,0,0,0,3,0,0,0,0,0,0,0,0,1,0,2,0,0,0,0,0,0,0,0,0,760,712.333312988281
"130",0,100,0,92,0,54,2,0,223,0,6,0,4,0,0,2,5,0,1,0,0,0,1,0,10,0,0,0,0,0,0,0,0,0,1,0,0,0,0,0,0,0,1,0,0,0,0,0,0,5,0,0,2,0,0,0,0,0,0,0,0,1,0,0,3,0,0,0,0,0,0,0,0,0,1,2,0,0,0,0,0,0,0,0,0,823.333312988281,771.694458007812
"140",0,34,0,124,0,98,10,0,222,0,8,0,6,0,0,0,11,0,1,0,0,0,1,0,3,0,0,0,0,1,0,0,0,2,0,0,1,0,0,0,0,0,0,0,0,0,0,0,0,3,0,0,0,0,0,0,0,0,0,0,0,0,0,0,1,3,0,0,0,0,0,0,0,0,0,5,0,0,0,0,0,0,0,0,1,886.666687011719,831.055541992188
"150",0,44,0,120,0,128,3,0,180,1,5,0,5,0,0,0,9,0,1,1,0,0,1,0,5,0,0,0,0,1,0,0,0,1,0,0,0,0,0,1,0,0,0,0,0,0,0,0,0,7,0,0,1,0,0,0,0,0,0,0,0,0,0,0,2,2,0,0,0,0,0,0,0,1,0,1,0,0,0,0,0,0,0,0,1,950,890.416687011719
"160",0,52,0,100,0,61,5,0,174,0,4,0,5,0,0,0,10,1,0,1,0,0,2,0,11,0,0,0,0,0,0,0,1,1,0,0,0,0,0,0,0,2,0,0,0,0,1,0,0,12,0,0,0,1,0,0,0,0,0,0,0,0,0,0,4,2,0,0,0,0,0,0,0,0,0,1,0,0,0,0,0,0,0,0,0,1013.33331298828,949.777770996094
"170",0,23,0,142,0,188,7,0,221,0,6,0,3,0,1,2,7,0,0,1,0,0,2,0,2,0,0,0,0,0,0,0,1,1,0,0,0,0,0,1,0,0,0,0,0,0,0,0,0,3,0,0,1,1,0,0,0,0,0,0,0,0,0,0,4,0,0,0,0,0,0,0,0,0,0,1,0,0,0,0,0,0,0,0,0,1076.66662597656,1009.13891601562
"180",0,15,0,157,0,396,3,0,158,0,12,0,5,0,0,0,4,0,0,0,0,0,2,0,1,0,0,0,0,0,0,0,0,1,0,0,0,0,0,1,0,0,0,0,0,0,0,0,0,7,0,0,0,0,0,0,0,0,0,0,0,0,0,0,0,0,0,0,0,0,0,0,0,0,0,2,0,0,0,0,0,0,0,0,0,1140,1068.5
"190",0,39,0,141,0,271,8,2,92,1,7,0,1,0,0,2,6,0,0,0,0,0,3,0,0,0,0,0,0,0,0,0,0,0,0,0,0,0,0,0,0,0,0,0,0,0,0,0,0,2,0,0,1,1,0,0,0,0,0,0,0,0,0,0,1,0,0,0,0,0,0,0,0,1,0,0,0,0,0,0,0,0,0,0,0,1632.72729492188,1635.5
"200",0,12,0,132,0,262,12,1,70,2,19,0,5,0,0,1,12,0,0,9,0,0,5,0,2,0,0,0,0,0,0,0,0,0,0,0,0,0,0,0,0,0,0,0,0,0,0,0,0,5,0,0,0,1,0,0,0,0,0,0,0,1,0,0,0,2,0,0,0,0,0,0,0,5,0,0,0,0,0,0,0,0,0,0,0,2125.45458984375,2202.5
"210",0,13,0,140,0,84,4,0,71,0,21,0,1,0,0,0,6,0,0,6,0,0,2,0,4,0,0,0,0,0,0,0,0,0,0,0,0,0,0,1,0,0,0,0,0,0,0,0,0,10,0,0,2,2,0,0,0,0,0,5,0,0,5,0,3,0,0,0,0,0,0,0,0,0,0,0,0,0,0,0,0,0,0,0,0,2618.18188476562,2769.5
"220",0,6,0,158,0,163,8,0,132,1,13,0,5,0,0,0,8,0,1,1,0,2,0,1,0,0,0,0,0,0,0,0,1,2,0,0,0,0,0,0,0,0,1,0,0,0,0,0,0,13,0,0,0,1,0,0,0,0,0,0,0,0,0,0,1,0,0,0,0,0,1,0,0,1,0,0,0,0,0,3,0,0,0,0,0,3110.9091796875,3336.5
"230",0,0,7,190,0,66,11,11,38,5,75,0,1,0,0,8,33,2,0,3,0,0,0,0,0,0,0,1,0,0,0,0,1,0,0,0,0,0,0,0,0,2,0,0,0,0,2,0,0,12,0,0,0,1,0,0,0,0,0,1,0,0,0,2,0,4,0,1,0,0,0,0,0,0,0,0,22,1,0,3,0,0,0,0,0,3603.63647460938,3903.5
"240",0,3,0,76,0,57,3,1,92,3,13,0,2,0,0,2,15,0,0,0,0,0,5,0,0,0,1,0,0,0,0,0,0,1,0,0,0,0,1,0,0,0,3,0,0,0,0,0,0,9,0,0,0,0,0,0,0,0,0,0,0,1,0,0,0,0,1,0,0,0,0,0,0,0,0,0,2,0,0,0,0,0,0,0,0,4096.36376953125,4470.5
"250",0,2,0,67,0,43,2,0,41,1,17,0,2,0,0,4,5,0,0,1,0,0,1,0,0,0,1,0,0,0,0,0,0,0,0,0,0,0,1,0,0,0,0,0,0,0,0,0,0,5,0,0,0,1,0,0,0,0,0,0,0,0,0,0,0,0,0,0,0,0,0,0,0,0,0,0,1,0,0,0,0,0,0,0,0,4589.0908203125,5037.5
"260",0,2,0,92,0,60,0,0,76,1,4,0,3,0,0,1,2,0,0,1,0,0,0,0,0,0,1,0,0,0,0,0,1,1,0,0,0,0,0,0,0,0,4,0,0,0,0,0,0,3,0,0,0,0,0,0,0,0,0,0,0,0,0,2,0,0,0,0,0,0,0,0,0,0,0,0,0,0,0,1,0,0,0,0,0,5081.818359375,5604.5
"270",0,2,0,79,0,77,2,0,39,1,5,0,3,0,0,1,1,1,0,0,0,0,0,0,0,0,0,0,0,0,0,0,0,0,0,0,0,0,0,0,0,0,2,0,0,0,1,0,0,16,0,0,0,0,0,0,0,0,0,0,0,0,0,0,0,1,0,0,0,0,0,0,0,0,0,0,0,0,0,0,0,0,0,0,0,5574.54541015625,6171.5
"280",0,5,2,132,0,136,6,3,35,1,22,0,2,0,0,6,12,0,0,0,1,0,2,0,3,0,0,0,0,1,0,0,0,0,1,0,1,1,0,0,0,1,0,0,0,0,0,0,0,4,1,0,0,0,0,0,0,2,0,4,0,0,0,0,0,0,0,0,0,0,0,0,0,1,0,0,3,0,0,1,0,0,0,0,0,6067.27294921875,6738.5
"290",0,3,1,148,0,94,8,1,34,3,34,0,3,0,0,7,19,0,0,1,0,0,1,0,1,0,0,0,0,0,0,0,0,0,0,0,0,0,0,1,0,0,1,0,0,0,0,2,0,4,0,1,1,3,0,0,0,1,0,1,0,0,0,0,1,2,0,0,0,0,0,0,0,0,0,0,1,0,0,0,1,0,0,0,0,6560,7305.5
"300",0,21,0,162,0,76,6,0,79,2,12,0,7,0,0,0,6,0,0,8,0,0,0,0,1,0,0,0,0,2,0,0,0,0,0,0,0,0,0,0,0,0,0,0,0,0,0,2,0,8,0,0,0,2,0,0,0,0,0,1,0,0,0,0,2,0,0,0,0,0,0,0,0,2,0,2,0,0,0,0,0,0,0,0,0,7052.72705078125,7872.5
"310",1,3,9,140,0,160,7,2,17,12,31,0,16,0,0,6,13,10,0,3,0,0,4,0,1,0,1,0,0,1,0,0,3,0,1,0,0,0,0,0,0,0,2,0,0,0,0,1,0,9,0,1,0,0,2,0,0,0,0,4,0,0,0,0,0,0,0,0,0,0,0,0,0,0,0,1,2,0,0,0,1,0,0,0,0,7545.45458984375,8439.5
"320",0,21,0,179,0,43,5,0,91,2,8,0,13,0,0,0,2,0,0,0,0,0,3,0,0,0,0,0,0,1,0,0,0,1,0,0,0,0,0,0,0,0,1,0,0,0,0,1,0,11,0,0,0,1,0,0,0,0,0,0,0,0,0,0,0,1,0,0,0,0,0,0,0,1,0,5,0,0,0,0,0,0,0,0,0,8038.181640625,9006.5
"330",1,23,0,131,0,109,8,0,115,3,14,0,9,0,2,0,12,0,0,1,0,0,5,2,0,0,0,0,0,0,0,0,0,1,0,0,0,3,1,0,0,0,2,0,0,0,0,0,0,28,0,0,0,2,0,0,0,0,0,0,0,0,0,0,0,2,0,2,0,0,0,0,0,4,0,2,0,0,0,0,0,0,0,0,0,8530.9091796875,9573.5
"340",0,19,8,124,0,30,6,0,138,1,11,0,4,0,0,0,5,0,0,2,0,1,9,0,0,0,0,0,0,1,0,0,0,0,1,0,0,0,0,0,0,0,1,0,0,0,0,1,1,40,0,0,0,1,1,0,0,0,0,0,0,1,0,1,0,1,0,0,0,0,0,0,0,3,0,1,1,0,0,0,0,0,0,0,0,9023.63671875,10140.5
"350",0,28,4,124,0,22,3,0,235,2,12,0,2,0,0,6,10,0,0,0,0,0,2,0,1,0,0,0,0,0,0,0,1,0,0,0,1,0,0,0,0,0,0,0,0,0,0,0,0,47,0,0,0,0,1,0,0,0,3,0,0,0,0,0,0,0,0,0,0,0,0,0,0,1,0,8,0,0,0,0,1,0,0,0,0,9365.9091796875,10552.2724609375
"360",0,31,2,102,0,25,9,0,183,1,22,0,5,0,0,3,12,0,0,1,0,3,0,1,0,1,0,0,0,2,0,0,2,0,0,0,0,0,0,0,0,0,2,0,0,0,0,2,0,36,0,0,0,2,0,0,0,0,0,0,0,1,1,0,0,1,0,3,0,0,0,0,0,0,0,1,0,0,0,3,0,0,0,0,0,9557.7275390625,10808.818359375
"370",0,41,4,91,0,41,5,0,239,0,12,0,5,0,1,2,17,0,0,3,0,0,0,0,5,0,0,0,0,1,0,0,0,0,0,0,0,0,0,0,0,0,1,0,0,0,0,1,0,43,0,0,0,2,4,0,0,0,0,2,0,0,1,0,0,0,0,0,0,0,0,0,0,3,0,6,0,0,0,0,0,0,0,0,0,9749.5458984375,11065.36328125
"380",0,53,7,128,0,53,10,0,110,2,16,0,6,0,0,4,21,1,0,1,0,5,1,0,0,0,3,0,0,4,0,0,3,0,0,0,1,0,0,0,0,0,0,0,0,0,0,4,0,42,0,0,0,0,1,0,0,0,0,0,0,2,0,0,0,1,0,0,0,0,0,0,1,3,0,8,0,0,0,4,1,0,0,0,0,9941.36328125,11321.9091796875
"390",0,45,5,122,0,52,3,0,58,0,7,0,4,0,0,6,20,1,1,1,0,2,0,1,0,0,0,0,0,3,0,0,0,0,1,0,0,0,0,0,1,0,0,0,1,0,0,3,0,32,0,0,0,0,0,0,0,0,0,0,0,0,0,0,0,0,0,1,0,0,0,0,0,1,0,1,2,0,0,2,0,0,0,0,0,10133.181640625,11578.4541015625
"400",0,48,2,122,0,26,5,0,182,2,9,0,14,0,0,5,32,0,0,0,0,1,1,0,0,0,0,0,0,0,0,0,2,1,0,0,1,0,0,0,0,0,0,1,0,0,0,0,0,37,0,0,0,1,0,0,0,0,0,0,0,4,0,0,0,2,1,0,0,0,0,0,0,2,0,2,0,0,0,3,1,0,0,0,0,10325,11835
"410",0,11,10,76,0,46,7,0,136,2,17,0,9,0,1,2,18,1,0,3,0,1,2,0,0,0,0,0,0,1,0,0,1,3,0,0,0,0,3,0,0,0,4,0,0,0,0,1,0,49,0,0,1,1,0,0,4,0,0,1,0,0,0,3,0,1,0,0,0,0,0,0,0,3,0,0,0,0,0,3,0,0,0,0,0,10516.818359375,12091.5458984375
"420",0,72,9,98,0,43,4,0,113,5,8,0,9,0,2,6,28,0,0,4,0,0,1,0,0,1,1,0,0,2,1,0,6,2,1,0,0,1,1,0,0,0,4,0,0,0,0,2,0,73,0,0,0,0,0,0,0,0,0,0,2,0,0,1,0,3,0,0,0,0,1,0,0,1,0,4,1,0,0,5,1,0,0,0,1,10708.63671875,12348.0908203125
"430",0,157,6,51,0,25,6,2,109,1,12,0,13,0,0,6,18,0,1,0,0,0,0,0,0,0,0,0,0,5,0,0,2,0,0,0,0,0,0,0,2,0,4,0,0,0,0,5,0,34,0,0,0,0,1,0,2,0,0,0,0,1,0,0,1,2,1,0,0,0,0,0,0,1,0,2,0,0,0,2,0,0,0,0,0,10900.4541015625,12604.63671875
"440",0,132,10,62,0,40,6,0,127,0,12,0,5,0,0,3,12,0,1,2,0,4,1,0,0,0,0,0,0,1,0,0,2,1,3,0,0,6,0,0,1,0,1,0,0,0,0,1,0,30,0,0,0,0,0,0,0,0,0,0,1,5,0,0,0,1,0,0,0,0,0,0,0,5,0,2,1,0,0,4,0,0,0,0,0,11092.2724609375,12861.181640625
"450",0,137,0,63,0,41,8,1,143,0,20,0,4,0,2,3,9,9,0,1,0,0,3,0,0,0,1,3,0,2,0,0,2,0,0,0,0,1,1,0,2,0,2,0,0,0,0,2,0,28,0,0,0,0,0,0,0,0,0,0,2,4,0,1,0,1,0,0,0,0,0,0,0,0,0,0,0,0,0,2,0,0,0,0,0,11284.0908203125,13117.7275390625
"460",0,134,13,42,0,37,7,0,83,3,24,0,3,1,0,5,15,0,0,1,0,4,3,2,0,0,0,0,0,3,0,0,7,2,0,0,0,2,0,0,1,0,5,0,0,0,0,3,0,32,0,0,0,0,2,0,0,0,0,0,0,5,0,0,0,1,0,2,0,0,0,0,0,3,0,2,0,0,0,2,0,0,0,0,0,11392.826171875,13259.021484375
"470",0,135,14,40,0,41,9,0,53,0,17,0,7,2,1,7,15,0,1,2,0,0,1,0,0,0,2,1,0,2,0,0,3,0,1,0,1,2,1,0,0,0,5,0,0,0,0,2,0,29,0,0,0,3,0,0,0,0,0,0,0,3,0,1,1,1,0,0,0,0,0,0,0,0,0,2,0,0,0,1,0,0,0,0,0,11418.478515625,13285.0654296875
"480",0,139,15,71,0,40,5,0,79,0,27,0,6,0,0,11,11,0,0,0,0,1,1,0,1,0,0,0,0,1,1,0,1,0,0,0,0,1,0,0,0,0,4,2,0,0,0,1,0,36,0,0,0,1,1,0,0,0,0,0,0,3,0,0,2,1,0,0,0,0,0,0,0,2,0,0,0,0,0,3,0,1,0,0,0,11444.130859375,13311.1083984375
"490",0,79,9,66,0,60,6,0,133,1,12,0,6,0,1,4,15,0,0,0,1,0,0,0,0,0,0,1,1,1,0,0,1,1,1,0,0,5,1,0,1,0,7,2,2,0,0,1,0,41,0,0,0,0,0,0,0,0,0,0,0,0,0,1,0,2,0,0,0,0,0,0,0,3,0,3,0,0,0,1,0,0,0,1,0,11469.7822265625,13337.15234375
"500",0,106,15,74,0,56,10,0,81,1,22,0,2,0,2,10,11,0,0,1,3,0,5,0,2,0,1,0,0,1,0,0,3,0,0,0,0,8,0,0,0,0,11,2,0,1,0,1,0,32,0,0,0,1,0,0,0,0,0,0,0,1,3,0,0,1,0,0,0,0,0,0,0,0,0,1,0,0,0,2,0,0,8,0,0,11495.4345703125,13363.1953125
"510",0,125,6,52,0,39,0,0,93,1,11,0,5,0,1,5,6,0,0,2,1,3,3,0,0,0,1,1,0,0,0,0,3,0,1,0,0,4,0,0,0,0,4,0,1,0,1,0,0,33,0,0,0,0,0,0,0,0,0,0,0,3,3,0,0,0,0,0,0,0,0,0,0,3,0,1,0,0,0,2,0,0,3,0,0,11521.0869140625,13389.2392578125
"520",0,99,15,39,0,53,7,0,73,0,17,0,4,0,1,3,7,0,1,1,0,1,0,0,0,0,1,6,0,0,0,0,2,0,0,0,0,2,0,0,0,0,1,0,1,0,0,0,0,23,0,0,0,0,1,0,0,0,0,2,0,2,3,0,1,0,0,0,0,0,0,0,1,4,0,4,0,0,0,3,0,0,3,0,0,11546.7392578125,13415.2822265625
"530",0,88,8,81,0,62,6,0,90,2,10,0,3,0,0,6,11,0,0,0,0,0,0,0,1,0,1,2,0,2,0,0,0,0,0,0,0,1,0,0,0,0,5,0,1,0,0,0,0,23,0,0,0,0,1,0,0,0,0,0,3,0,2,0,0,0,0,0,0,0,0,1,0,0,0,1,1,0,0,0,0,0,0,0,0,11572.3916015625,13441.326171875
"540",0,92,10,79,0,45,4,0,57,4,12,0,6,0,0,5,12,0,0,0,0,0,1,0,1,0,4,2,0,0,0,0,6,0,0,0,0,4,0,0,0,0,4,0,0,0,0,1,0,30,0,0,0,3,0,0,0,0,0,0,0,0,1,0,0,2,0,0,1,0,0,2,0,2,0,0,0,0,0,5,0,0,0,0,0,11598.0439453125,13467.369140625
"550",0,116,3,75,0,89,9,0,74,0,18,0,8,0,0,9,14,0,0,1,0,0,2,0,1,0,0,2,0,1,0,0,4,0,1,0,0,2,1,0,0,0,4,0,0,0,0,0,0,38,0,0,0,0,1,0,0,0,0,0,0,6,1,1,0,2,0,0,6,0,0,0,0,0,0,0,0,0,0,1,0,0,2,0,0,11623.6953125,13493.4130859375
"560",0,120,8,125,0,44,8,0,35,2,43,0,2,0,0,2,10,0,0,0,0,0,0,1,0,0,0,3,0,0,0,0,9,0,0,0,0,5,0,0,0,0,5,0,0,0,1,0,0,30,0,0,0,0,3,0,0,0,0,0,0,3,2,0,0,1,0,1,0,0,0,0,0,4,0,0,1,0,0,1,0,0,0,0,0,11649.34765625,13519.4560546875
"570",0,101,5,136,1,78,10,0,35,4,35,0,2,0,2,5,13,0,0,1,0,1,1,0,2,2,0,0,0,0,0,0,1,1,0,0,0,3,3,0,0,0,3,0,0,0,2,0,0,27,0,0,0,0,1,3,0,0,0,0,0,0,0,3,0,1,1,0,0,0,0,0,0,2,0,1,0,0,0,3,0,0,0,0,0,11675,13545.5
"580",0,132,5,162,0,71,1,0,38,0,20,0,2,0,0,4,10,0,0,0,0,0,5,0,1,0,2,0,0,1,0,0,6,0,0,0,0,1,1,0,0,0,1,0,0,0,0,0,0,36,0,0,0,1,0,4,0,0,0,0,0,2,0,1,0,0,1,0,0,0,0,0,0,2,0,0,0,0,0,0,0,0,1,0,0,11700.65234375,13571.5439453125
"590",0,109,5,69,0,36,4,0,36,0,25,0,3,1,1,4,3,0,0,0,0,0,2,0,0,0,0,0,0,1,0,0,1,0,0,0,0,0,0,0,0,0,5,0,0,0,0,0,0,25,0,0,0,0,3,5,0,0,0,1,0,0,0,1,0,0,0,0,0,0,0,0,0,2,0,0,0,0,0,0,0,0,2,0,0,11726.3046875,13597.5869140625
"600",0,90,7,125,1,37,6,0,42,1,23,0,5,0,0,10,5,0,1,0,0,0,2,0,0,0,0,0,0,0,0,0,0,1,0,0,0,1,1,0,0,0,2,0,0,0,0,0,0,22,0,0,0,0,0,6,0,0,0,2,0,1,0,0,0,0,1,0,0,0,0,0,0,1,0,0,1,0,0,0,0,0,0,0,0,11751.9560546875,13623.630859375
"610",0,119,3,83,0,77,4,0,56,0,21,0,9,0,0,4,15,0,0,0,0,0,4,0,0,0,0,0,0,0,0,1,2,0,0,0,0,3,0,0,0,0,3,0,0,0,0,0,0,41,0,0,0,0,0,2,0,0,0,1,0,3,0,0,0,0,2,0,0,0,0,0,0,2,0,0,0,3,0,3,0,0,0,0,0,11777.6083984375,13649.673828125
"620",0,98,1,105,0,104,7,0,31,2,24,0,5,0,0,1,4,0,0,0,0,0,0,0,2,0,0,1,0,0,0,0,5,1,0,0,0,5,0,0,0,0,5,0,0,0,0,1,0,17,0,0,0,0,1,0,0,0,0,1,0,0,0,1,1,0,0,0,0,0,0,0,0,0,0,1,0,0,0,1,0,0,0,0,0,11803.2607421875,13675.7177734375
"630",0,113,6,61,0,79,1,0,71,2,16,0,4,1,0,7,11,0,0,1,0,2,3,1,3,0,0,0,0,0,0,0,4,1,0,0,0,3,0,0,0,0,3,0,0,0,0,2,0,29,0,0,0,1,1,1,0,0,0,1,0,0,2,0,0,0,0,1,0,0,0,0,0,0,0,0,0,0,0,1,0,0,0,0,0,11828.9130859375,13701.7607421875
"640",0,60,1,57,0,36,2,0,38,0,11,0,3,0,0,2,5,0,0,0,0,0,2,0,2,0,0,0,0,0,0,0,0,1,0,0,0,5,0,0,0,0,2,0,0,0,0,1,0,38,0,0,0,0,4,0,0,0,0,0,0,1,1,2,0,0,0,0,0,0,0,0,0,0,0,0,0,0,0,2,0,0,0,0,0,11854.5654296875,13727.8046875
"650",0,112,11,81,1,50,4,0,17,2,31,0,5,0,0,5,10,0,0,0,0,0,2,0,0,0,0,0,0,1,0,0,0,0,1,0,0,3,1,0,0,0,19,0,0,0,0,0,4,31,0,0,0,0,3,6,0,0,0,1,0,1,0,6,0,1,0,0,0,0,0,0,0,2,0,0,0,0,0,4,0,0,0,0,0,11880.2177734375,13753.84765625
"660",0,85,5,75,0,64,6,0,59,3,19,0,4,0,0,5,10,2,0,0,0,0,2,0,0,0,0,0,0,0,0,0,3,0,0,0,1,1,0,0,0,0,6,0,0,0,0,1,0,17,0,0,0,0,3,0,0,0,5,2,0,0,0,2,0,0,0,0,4,1,0,2,0,3,0,0,0,0,0,0,0,0,0,0,0,11905.869140625,13779.8916015625
"670",0,39,3,115,0,102,4,0,44,6,26,0,4,0,0,6,22,1,0,1,0,0,2,0,2,0,1,1,0,0,0,0,0,0,0,0,0,0,0,0,1,0,14,0,0,0,0,0,0,23,0,0,0,0,3,5,0,0,0,2,0,1,0,1,0,2,0,0,0,1,0,0,0,5,0,0,0,0,0,0,0,0,0,0,0,11931.521484375,13805.9345703125
"680",0,13,0,125,0,55,5,0,28,7,35,0,2,0,0,5,33,0,0,5,0,0,4,2,14,0,4,0,0,0,0,0,0,0,1,0,0,6,0,0,4,0,8,0,0,0,0,1,0,17,0,0,0,0,2,0,0,0,0,5,0,0,2,1,0,2,1,0,0,0,0,0,0,3,0,0,0,0,0,1,0,0,0,0,0,11957.173828125,13831.978515625
"690",0,21,1,151,0,41,5,0,31,6,52,0,5,0,0,6,22,0,0,0,0,0,7,0,6,0,4,0,0,2,0,0,2,0,0,0,0,2,0,0,0,0,14,0,0,0,0,0,0,76,0,0,0,1,1,1,0,0,0,3,0,1,1,3,1,2,0,0,1,0,0,1,1,6,0,0,0,0,0,6,0,0,0,1,0,11982.826171875,13858.021484375
"700",0,52,3,113,0,40,6,0,113,0,42,0,2,0,0,2,29,0,0,0,0,0,4,0,5,0,1,0,0,0,0,0,1,0,0,0,0,1,0,0,0,0,11,0,0,0,0,1,0,48,0,0,0,0,1,0,0,0,0,1,0,0,0,3,0,3,0,0,0,0,0,0,0,1,0,0,0,0,0,0,0,0,0,0,0,12008.478515625,13884.0654296875
"710",0,51,1,40,0,30,2,0,70,0,19,0,3,0,1,3,7,0,0,1,0,0,2,0,1,0,1,1,0,0,0,0,0,0,0,0,0,0,0,0,0,0,10,0,0,0,0,0,0,23,0,0,0,0,1,0,0,0,0,0,0,1,0,0,0,2,0,0,0,0,0,0,0,1,0,0,0,0,0,2,0,0,3,0,0,12034.130859375,13910.1083984375
"720",0,53,1,63,0,38,3,0,46,2,25,0,4,0,0,4,8,0,0,0,0,0,2,0,0,0,0,0,0,0,0,0,0,1,0,0,0,0,0,0,0,0,3,0,0,0,0,0,0,13,0,0,0,0,0,0,0,0,0,0,0,1,0,0,0,3,0,0,0,0,0,0,0,2,0,0,0,0,0,0,0,0,0,0,0,12059.7822265625,13936.15234375
"730",0,58,8,165,0,29,5,0,36,4,52,0,3,0,0,2,22,0,0,2,0,0,3,0,2,0,1,0,0,0,0,1,2,1,0,0,0,1,0,0,1,0,8,0,0,0,0,1,0,35,0,0,1,1,0,0,0,0,0,0,0,0,1,2,0,2,0,0,0,0,0,0,0,3,0,0,0,0,0,0,0,0,0,0,0,12085.4345703125,13962.1953125
"740",0,11,1,140,0,60,6,0,96,3,70,0,8,0,1,5,40,0,0,2,0,0,5,0,3,0,1,1,0,0,0,0,2,0,0,0,0,1,1,0,0,0,17,0,0,0,1,0,0,80,0,1,0,0,1,0,0,0,0,0,0,0,1,3,0,4,2,0,0,0,0,0,0,1,0,0,1,0,1,2,1,0,0,0,0,12111.0869140625,13988.2392578125
"750",0,112,8,124,0,77,6,0,80,2,50,0,7,0,0,3,16,0,0,0,0,0,2,0,2,0,0,0,0,0,1,0,1,0,0,0,0,3,0,0,0,0,6,0,0,0,1,0,0,49,0,0,0,0,0,0,0,0,0,1,0,0,1,0,0,1,2,0,0,0,0,0,0,1,0,0,0,0,0,0,0,0,0,0,0,12136.7392578125,14014.2822265625
"760",0,136,5,72,0,71,4,0,94,3,36,0,0,0,0,1,13,0,0,0,0,0,4,0,2,0,1,0,0,0,1,0,1,1,1,0,0,2,0,0,0,0,15,0,0,0,1,0,0,34,0,0,0,0,7,0,0,0,0,0,0,0,1,0,0,3,0,0,0,0,0,0,0,3,0,0,0,0,0,0,0,0,1,0,0,12162.3916015625,14040.326171875
"770",1,83,8,77,0,113,4,0,107,0,35,1,6,0,2,3,11,1,0,1,0,0,4,0,4,0,0,0,0,0,0,0,3,1,0,0,0,5,0,0,0,0,19,0,1,0,0,2,0,31,0,0,0,0,2,0,0,0,0,0,0,0,0,5,0,1,0,0,0,0,0,0,0,1,0,0,0,0,0,0,0,0,0,0,0,12188.0439453125,14066.369140625
"780",0,79,5,105,0,137,9,0,109,0,29,0,5,0,1,3,13,0,0,2,0,3,4,1,0,0,0,0,0,0,0,0,0,0,0,0,0,5,0,0,2,0,16,0,0,0,0,0,0,44,0,0,0,0,3,0,0,0,0,0,0,2,0,1,0,1,0,0,0,0,0,0,0,4,0,0,1,0,0,2,1,0,3,0,0,12213.6953125,14092.4130859375
"790",0,1,0,100,0,45,6,2,55,1,11,0,0,0,0,0,14,1,0,3,0,0,0,0,0,0,0,0,0,1,1,0,0,0,0,0,0,1,1,0,0,0,0,1,0,0,0,0,0,6,0,1,2,0,0,0,0,0,0,0,0,0,0,0,0,0,1,0,0,0,0,0,0,0,0,0,1,0,0,1,0,0,0,0,0,12239.34765625,14118.4560546875
"800",0,8,0,27,0,206,3,0,30,0,7,0,2,0,0,3,5,0,0,0,0,0,1,0,1,0,0,0,0,0,0,0,0,0,1,1,0,0,0,0,0,0,0,0,0,0,0,0,0,2,1,0,0,0,1,0,0,0,0,0,0,0,0,0,0,0,1,0,0,0,0,0,1,0,0,0,0,0,0,0,0,0,0,0,0,12265,14144.5
"810",0,4,0,39,0,110,10,0,41,0,8,0,6,0,0,2,13,0,0,6,0,0,0,0,1,0,0,0,0,0,0,0,0,0,1,0,0,0,1,0,0,0,1,0,0,0,0,0,0,8,0,0,0,0,0,0,0,0,0,0,0,0,0,0,2,1,0,0,0,0,0,0,1,0,0,1,0,0,0,1,0,0,0,0,0,12290.65234375,14170.5439453125
"820",0,3,2,37,0,134,8,0,47,0,3,0,1,0,0,4,5,0,0,4,0,0,0,0,0,0,0,0,0,0,1,0,1,0,1,0,0,0,0,0,0,0,0,0,0,0,0,1,0,0,0,0,0,1,0,0,0,0,0,0,0,0,0,0,1,0,0,1,0,0,0,0,0,0,0,1,0,0,0,1,0,0,0,0,0,12316.3046875,14196.5869140625
"830",0,1,1,71,0,149,2,0,39,0,0,0,2,0,0,5,4,0,0,2,0,0,0,0,1,0,0,0,0,0,0,0,0,0,0,0,0,0,0,0,0,0,0,0,0,0,0,0,0,8,0,0,0,0,0,0,0,1,0,0,0,0,0,0,0,0,0,0,0,0,0,0,0,0,0,1,0,0,0,0,0,0,0,0,0,12341.9560546875,14222.630859375
"840",0,6,5,79,0,119,4,0,42,0,7,0,0,0,0,3,5,0,0,0,0,0,4,1,0,0,0,0,0,0,0,0,1,0,0,0,0,0,1,0,0,1,0,0,1,0,0,0,0,18,0,0,0,0,0,0,0,0,0,0,0,0,0,0,0,1,0,0,0,0,0,0,0,0,0,0,0,0,0,1,0,0,0,0,0,12367.6083984375,14248.673828125
"850",0,1,1,98,0,110,3,0,30,0,3,0,0,0,0,0,3,0,0,0,0,0,1,0,0,0,0,0,0,0,0,0,1,0,0,1,0,0,0,0,0,1,0,0,0,0,1,0,0,3,0,0,0,0,0,0,0,0,0,0,0,0,0,0,0,0,0,0,0,0,0,0,0,0,0,1,0,0,0,0,0,0,0,0,0,12393.2607421875,14274.7177734375
"860",0,2,3,116,0,73,2,0,41,2,4,0,1,0,0,2,6,1,0,0,0,0,1,0,0,0,0,0,0,0,0,0,1,0,0,1,0,0,0,0,0,0,0,0,1,0,0,0,0,8,0,0,0,0,0,0,0,0,0,1,0,0,0,0,0,0,0,0,0,0,0,0,0,0,0,0,0,0,0,0,0,0,0,0,0,12418.9130859375,14300.7607421875
"870",0,1,1,101,0,102,3,0,34,0,8,0,1,0,0,2,12,0,0,0,0,0,0,0,1,0,0,0,0,0,0,0,2,0,2,0,0,0,0,0,0,0,0,0,1,0,0,0,0,3,0,0,0,0,0,0,0,0,0,0,0,0,0,1,0,0,0,0,0,0,0,0,0,0,0,0,0,0,0,0,0,0,0,0,0,12444.5654296875,14326.8046875
