,Acacia,Acalypha,Acanthac,Adansoni,Afraegle,Afzelia.,Alchorne,Allophyl,Amaranth,Ampelida,Anacardi,Annonace,Antidesm,Umbellif,Apocynac,Araliace,Palmae,Artemisi,Composit,Balanite,Blephari,Blighia,Bombax,Boragina,Borreria,Boswelli,Brassica,Bridelia,Burkea.a,Butyrosp,Caesalpi,Capparid,Caryophy,Cassia,Celastra,Celtis,Centaure,Cf.Diali,Cf.Scrop,Chrozoph,Cissampe,Cissus,Clematis,Cochlosp,Cola.cf.,Combreta,Commelin,Commipho,Convolvu,Corchoru,Cordia,Crossopt,Croton,Cucumis,Cucurbit,Cussonia,Cyperace,Detarium,Diospyro,Dombeya.,Elaeis.g,Entada,Ephedra,Ericacea,Erythrin,Euphorbi,Papilion,Ficus,Grewia,Heliotro,Hygrophi,Hymenoca,Hyphaene,Indeterm,Indigofe,Ipomaea,Irvingia,Isoberli,Ixora,Justicia,Khaya,Kohautia,Lactucea,Lamiacea,Lannea.S,Liliacea,Lobelia,Lophira,Lythrace,Macarang,Maerua,Mallotus,Malvacea,Manilkar,Menisper,Mitracar,Mitragyn,Monocoty,Monotes.,Moraceae,Morelia.,Mussaend,Nauclea,Nymphaea,Olea.hoc,Parkia,Adenia,Paullini,Tacazzea,Phoenix.,Phyllant,Piliosti,Pinus,Graminea,Podocarp,Polycarp,Polygona,Polygonu,Prosopis,Pterocar,Pterido,Trilete,Raphia,Rhus,Adina,Rubiacea,Rutaceae,Salix.cf,Salvador,Sapindac,Securine,Solanum,Sterculi,Strychno,Syzygium,Talinum,Tapinant,Thunberg,Thymelea,Trema.gu,Typha,Uapaca,Indeterm.1,Urticace,Cleroden,Vernonia,Vitex,Ximenia.,Ziziphus,Chron1,Chron10,Chron20
2,0,0,0,0,0,0,0,0,6,0,0,0,0,0,0,0,0,0,2,1,0,0,0,0,1,0,0,0,0,0,0,0,0,0,0,0,0,0,0,0,0,0,0,0,0,3,0,0,1,0,0,1,0,0,0,0,683,0,0,0,0,0,0,0,0,1,2,0,0,0,0,1,5,2,0,0,0,1,0,0,0,0,0,1,0,0,0,0,0,0,0,0,0,0,0,2,0,2,0,0,0,0,0,0,0,0,0,0,0,0,0,0,2,1112,0,0,0,0,0,0,0,0,0,0,0,0,0,0,0,0,0,0,0,0,0,0,0,0,0,0,77,0,1,0,0,1,0,0,0,222.6000061,247.8518524,230.8333282
6,0,0,0,0,0,0,0,0,3,0,0,0,0,0,0,0,0,0,0,0,0,0,0,0,2,0,0,0,0,0,0,0,0,0,0,1,0,0,0,0,0,0,0,0,0,3,0,0,0,0,0,0,0,0,0,0,205,0,0,0,0,0,0,0,0,0,1,0,0,0,0,6,0,0,0,0,0,0,0,0,0,0,0,0,1,0,0,0,0,0,0,0,0,0,0,0,0,1,0,0,0,0,0,0,0,0,0,0,0,0,0,0,0,506,0,0,0,0,0,0,0,2,0,0,0,0,0,0,0,0,0,0,0,0,0,0,0,0,0,1,37,0,0,0,0,0,0,0,0,297.2181702,313.3333435,299.5
12,1,0,1,0,0,0,1,0,9,0,0,0,0,0,0,0,0,0,5,1,0,0,0,0,0,0,0,0,0,2,0,0,0,1,0,5,0,0,0,0,0,0,0,0,0,16,0,0,0,0,0,3,0,0,0,1,62,0,0,0,0,0,1,0,0,0,1,0,0,0,0,1,0,4,0,0,0,0,0,0,0,0,3,0,3,0,0,0,0,0,0,0,0,0,0,3,0,1,0,0,0,0,0,0,0,0,0,0,0,0,0,0,0,239,0,2,0,0,0,0,0,0,0,0,0,0,0,0,0,0,0,1,0,0,0,0,0,0,0,1,197,0,0,0,0,1,0,0,0,409.1454468,411.555542,402.5
24,1,0,1,2,0,0,0,0,12,0,0,0,0,0,0,0,0,0,12,0,0,0,0,0,0,0,0,0,0,0,0,0,0,0,0,4,0,0,0,0,0,0,0,1,0,7,0,0,0,0,0,1,0,0,0,0,46,0,0,0,0,0,0,0,0,2,4,0,0,0,0,3,0,5,0,0,0,3,0,0,0,1,0,0,0,0,0,1,0,0,0,0,0,0,0,1,1,0,0,0,0,0,1,0,0,0,0,0,0,0,0,0,0,1044,0,0,0,0,0,0,0,1,0,0,0,0,0,0,0,0,0,0,0,0,0,0,0,0,0,0,46,0,2,0,0,1,0,0,0,633,608,608.5
36,0,1,0,0,0,0,2,0,8,0,0,0,0,0,0,0,0,0,29,2,0,0,0,0,0,0,0,0,0,0,1,1,0,2,0,7,0,0,1,0,0,0,1,0,0,12,0,0,1,0,0,0,0,0,0,0,79,0,0,0,0,0,0,0,0,1,0,1,0,0,0,3,0,6,0,0,0,0,0,0,0,1,0,0,9,1,0,1,0,1,0,0,0,0,0,2,0,1,0,0,0,0,3,0,0,0,0,0,0,0,0,1,0,863,0,0,0,0,0,0,1,0,0,0,0,0,0,0,1,0,2,2,0,0,0,0,0,0,0,0,29,0,3,0,0,0,0,0,3,856.8545532,804.444458,814.5
45.5,2,0,0,0,0,0,2,0,24,1,0,0,0,0,0,0,0,0,27,2,0,0,0,0,0,0,0,0,0,0,0,0,0,0,0,1,0,0,2,0,0,0,1,0,0,13,0,0,0,0,0,0,0,0,0,0,77,0,2,0,0,0,1,0,0,0,3,0,0,0,0,5,0,3,2,0,0,2,0,0,0,0,0,0,3,0,0,0,0,4,0,0,0,0,0,2,0,1,0,0,0,0,2,1,0,0,0,0,1,0,0,0,0,532,0,0,1,0,0,0,1,2,0,0,0,0,0,0,2,0,4,0,0,0,0,0,0,0,0,0,69,0,3,0,0,0,0,0,0,1034.072754,959.9629517,977.583313
55,0,0,0,0,0,0,2,0,27,0,0,0,0,0,0,0,0,0,10,1,0,0,0,0,0,0,0,1,0,0,1,0,0,0,0,5,0,0,0,0,0,1,0,0,0,11,0,0,0,0,0,0,0,0,0,0,45,0,1,0,0,0,0,0,0,0,1,1,0,0,0,4,0,3,0,0,0,1,0,0,0,1,0,0,1,0,0,0,0,0,0,0,0,0,0,0,0,0,0,0,0,0,2,0,0,0,1,0,0,0,0,0,0,685,0,0,0,0,0,0,0,1,0,0,0,0,0,0,3,0,3,0,0,0,2,0,0,0,0,0,7,0,1,0,0,0,0,0,0,1165.927002,1072.89856,1093.130493
64,0,0,0,0,0,0,2,0,21,2,0,0,1,0,0,0,0,0,16,3,0,0,3,0,0,0,0,0,0,0,1,0,0,1,0,6,0,0,0,0,0,0,1,0,0,15,0,0,0,0,0,0,0,0,0,0,87,0,0,0,0,1,0,0,0,1,2,0,0,0,0,1,0,2,1,0,0,1,0,0,0,0,0,0,0,0,0,1,0,0,0,0,0,0,0,0,0,0,0,0,0,0,0,0,0,0,0,0,0,1,0,0,0,536,0,0,0,1,0,0,0,2,0,0,0,0,0,0,0,0,4,0,0,0,0,0,0,0,0,1,7,0,0,0,0,0,0,0,0,1217.167847,1124.420288,1140.67395
73.5,2,0,0,0,0,0,1,0,14,0,0,1,0,0,0,0,0,0,12,2,0,0,0,0,1,0,0,0,1,1,0,0,0,1,0,5,0,1,1,0,0,0,0,3,0,5,0,0,0,0,0,0,0,1,0,0,64,0,0,0,1,0,0,0,0,4,3,1,0,0,0,0,0,2,0,0,0,0,0,0,2,1,2,1,2,1,0,0,0,0,0,0,0,0,1,4,0,0,0,0,0,0,2,0,0,0,0,0,0,0,0,1,0,697,0,0,0,0,0,0,1,1,0,0,0,0,0,0,0,0,3,0,0,0,0,0,0,0,0,0,4,0,1,0,0,0,0,0,0,1271.255493,1178.804321,1190.858643
83,0,5,0,0,0,0,0,0,8,0,0,0,0,0,0,0,0,0,9,1,0,0,1,0,0,0,0,0,0,0,1,1,0,1,0,4,0,1,1,1,0,0,0,0,0,5,0,1,0,0,0,0,0,0,0,0,72,0,1,0,1,1,0,0,0,2,5,0,0,0,0,3,0,8,0,0,0,2,0,0,0,0,0,0,2,0,0,0,0,0,0,1,0,0,1,1,0,1,0,0,0,0,0,0,0,0,0,0,0,0,0,0,0,547,0,0,0,0,0,0,1,1,0,0,0,2,0,0,0,2,2,0,0,0,0,0,0,0,0,2,6,0,2,0,0,0,0,0,1,1325.343018,1233.188354,1241.043457
90,0,2,0,0,0,0,1,0,15,0,0,0,0,0,0,0,0,0,7,0,0,0,2,0,1,0,0,1,0,3,0,0,0,1,0,3,0,0,0,1,0,0,0,0,0,6,0,0,0,0,0,1,0,0,0,0,57,0,0,0,0,1,0,0,0,0,1,1,1,0,0,1,2,4,0,0,0,1,0,0,0,0,0,0,1,0,0,0,0,1,0,0,0,0,0,0,0,0,0,0,0,0,0,0,0,0,0,0,0,0,0,0,0,699,0,0,0,0,0,0,1,2,0,0,0,0,0,0,0,0,1,0,0,0,0,1,0,0,0,0,2,0,1,0,0,0,0,0,0,1365.197021,1273.260864,1278.021729
101.5,0,0,1,0,0,0,0,0,11,0,0,3,0,0,0,0,0,0,14,0,0,0,0,0,0,0,0,0,0,0,0,1,0,0,0,2,0,0,0,0,0,0,0,0,0,10,0,1,0,0,0,0,0,0,0,0,104,0,0,0,0,1,0,0,0,3,3,1,0,0,0,1,0,7,0,0,0,1,0,0,1,1,0,1,3,0,0,0,0,0,0,0,0,0,0,2,0,0,0,1,0,0,1,0,0,0,0,0,0,0,0,0,0,543,0,0,0,0,0,0,0,2,0,0,0,0,0,0,0,0,5,0,0,0,0,0,0,0,0,2,1,0,3,0,0,0,0,0,0,1430.671509,1339.094238,1338.771729
110.5,1,0,0,0,0,0,0,0,15,0,0,0,0,0,0,0,0,0,8,1,0,0,0,0,0,0,0,0,1,0,1,0,0,0,0,4,0,1,1,0,1,0,0,0,0,9,0,0,0,1,0,0,0,0,0,0,74,0,2,0,1,1,0,0,0,1,1,1,0,0,0,4,0,2,0,0,0,0,0,0,0,0,0,0,2,1,0,0,0,0,0,0,0,0,0,0,0,0,0,0,0,0,1,0,0,1,0,0,0,1,0,0,0,668,0,1,0,0,0,0,0,2,0,0,0,1,0,0,0,0,2,0,0,0,0,0,0,0,0,2,5,0,4,0,0,0,0,0,0,1481.912354,1390.615967,1386.315186
120,1,0,1,0,0,0,0,0,10,0,0,0,0,0,0,0,0,0,7,1,1,0,0,0,0,1,0,0,0,3,0,0,0,1,0,1,0,0,0,0,0,1,0,0,0,10,0,1,0,0,0,0,0,0,0,0,60,0,0,0,0,0,0,0,0,0,1,0,0,0,0,3,0,1,0,0,0,1,0,0,0,1,0,0,7,1,0,0,0,0,0,0,0,0,0,0,0,0,0,0,0,0,1,0,0,0,0,0,0,0,0,0,0,680,0,0,1,0,0,0,0,1,0,0,0,0,0,0,1,0,1,0,0,0,1,0,0,0,0,1,3,0,3,0,0,0,0,0,0,1536,1445,1436.5
132.5,1,0,0,0,0,0,0,0,6,1,0,0,0,0,0,0,0,0,9,1,0,0,0,0,1,0,0,0,0,0,0,0,0,0,0,3,0,0,1,0,0,2,0,2,0,11,0,0,0,0,0,1,0,0,0,0,72,0,1,0,0,0,0,0,0,2,1,0,0,0,0,4,1,4,0,0,0,2,0,0,0,0,0,0,4,0,0,0,0,1,0,1,0,0,0,0,0,0,0,0,0,0,2,0,0,0,0,1,0,0,0,0,0,814,0,2,0,0,0,0,0,5,0,0,0,1,0,0,0,0,3,0,0,0,0,0,0,0,0,0,6,0,4,0,0,2,0,1,0,1587.415039,1500.817627,1493.182373
143,2,0,0,0,0,0,3,0,5,0,0,0,0,0,1,0,0,0,9,1,0,0,0,0,0,0,0,0,0,0,1,0,0,1,0,1,0,0,0,0,0,2,0,0,0,7,0,1,0,0,0,1,0,0,0,0,41,0,0,0,0,0,0,0,0,2,1,0,0,1,0,2,0,3,0,0,0,0,0,0,0,0,0,0,5,0,0,0,0,2,0,2,0,0,0,1,0,0,0,0,0,0,1,0,0,0,0,1,0,0,0,0,0,635,0,0,0,0,0,0,1,1,0,0,0,0,0,0,0,0,0,0,0,0,1,0,0,0,0,0,6,0,0,1,0,0,0,0,0,1630.60376,1547.704346,1540.795654
153.5,1,1,0,0,0,0,0,0,15,3,0,0,0,0,0,0,0,0,10,0,0,0,1,0,1,0,0,0,0,1,0,0,0,0,0,0,0,0,1,0,0,0,1,0,0,11,0,0,0,0,0,0,0,0,0,0,64,0,0,0,0,1,0,0,0,6,1,0,0,0,0,3,2,7,0,0,0,1,0,0,0,2,0,1,12,1,0,0,0,0,0,0,0,0,0,1,0,1,1,0,0,0,4,0,0,0,0,0,0,1,0,0,0,732,0,0,0,0,0,0,1,3,0,0,0,0,0,0,1,1,4,0,0,0,0,0,0,0,0,0,19,0,3,0,0,0,0,0,0,1673.79248,1594.591187,1588.408813
164,0,0,1,0,0,0,0,0,16,1,0,0,0,0,0,0,0,0,5,1,0,0,0,0,0,0,0,2,1,4,1,0,0,0,0,3,0,0,0,0,0,1,0,0,0,6,0,2,0,0,0,0,0,0,0,0,79,0,0,0,1,0,0,0,0,0,6,0,0,0,0,4,1,2,0,0,0,2,0,0,0,0,0,0,8,0,0,0,0,2,0,1,0,0,0,0,0,0,0,0,0,0,3,1,1,0,0,1,0,0,0,0,0,793,1,0,0,0,0,0,0,1,0,0,0,0,0,0,0,0,2,0,0,0,0,0,0,0,0,0,6,0,7,0,0,0,0,0,0,1716.981079,1641.478027,1636.021973
175,1,0,0,0,0,0,0,0,19,0,0,0,0,0,0,0,0,0,3,0,0,0,0,0,0,0,0,1,1,0,0,0,0,1,0,3,0,0,0,0,0,0,0,0,0,8,0,1,0,0,1,0,0,0,0,0,32,1,0,0,0,0,0,0,0,4,1,1,0,0,0,7,1,3,0,0,0,4,0,1,0,1,0,0,5,0,0,0,0,0,0,0,0,0,0,1,0,0,0,0,0,0,2,0,0,0,0,0,0,0,0,0,0,741,0,0,0,0,0,0,2,1,0,1,0,0,0,0,0,0,2,0,0,0,0,0,0,0,0,1,4,0,3,0,0,0,0,1,0,1762.22644,1690.597534,1685.902466
185,1,2,0,0,0,0,0,0,12,0,0,0,0,0,0,0,1,0,6,0,0,0,1,0,0,0,0,0,1,1,0,0,0,0,0,4,0,0,0,0,0,0,1,0,0,10,0,0,0,0,0,1,0,0,0,0,46,0,0,0,0,0,0,0,0,0,2,0,1,0,0,2,0,0,1,0,0,1,0,0,0,0,0,0,9,0,0,0,0,0,0,0,0,0,0,1,0,0,0,0,0,0,0,0,0,0,0,0,0,0,0,0,0,615,0,0,0,0,0,0,0,1,0,0,0,0,0,0,0,0,2,0,0,0,0,0,0,0,0,0,42,1,3,0,0,0,0,0,0,1803.358521,1735.251587,1731.248413
196,0,1,1,0,0,0,0,0,11,0,0,0,0,0,0,0,0,0,9,0,0,0,0,0,0,0,0,0,0,1,0,0,0,0,0,5,0,0,2,0,1,0,1,2,0,12,0,0,0,0,0,1,0,0,0,0,82,0,0,0,0,0,0,0,1,2,4,1,0,0,0,0,1,5,0,0,0,0,0,0,1,1,0,0,21,0,0,0,0,0,0,0,0,0,1,0,0,0,0,1,0,0,2,0,0,0,0,0,0,0,0,0,0,851,0,0,0,0,0,0,0,1,0,0,0,0,0,0,0,0,2,0,0,0,0,0,0,0,0,2,1,2,4,0,0,0,0,1,0,1848.60376,1784.371094,1781.128906
206.5,0,0,0,0,0,0,0,0,5,0,0,0,0,0,0,0,0,0,9,0,0,0,0,0,0,0,0,0,0,0,1,0,0,2,0,1,0,0,1,0,0,0,0,0,0,10,0,0,0,0,0,0,0,0,0,0,44,0,0,0,0,0,0,0,0,1,3,0,0,0,0,1,0,2,0,0,0,0,0,1,0,0,1,0,1,0,0,0,1,1,0,0,0,0,0,1,0,2,0,1,0,0,0,0,2,0,0,0,0,0,0,0,0,826,0,0,1,0,0,0,0,1,0,0,0,0,0,0,0,0,1,0,0,0,0,0,0,0,0,1,2,0,4,2,0,0,0,0,0,1890.754395,1828.951782,1828.561401
217,0,1,0,0,0,0,0,0,16,0,0,1,0,0,0,0,0,0,6,0,0,0,0,0,0,0,1,1,0,0,1,1,0,1,0,3,0,0,3,0,0,0,0,1,0,8,0,0,0,0,0,0,0,0,0,0,51,0,0,0,0,0,0,0,0,0,2,2,0,0,0,1,0,4,0,0,0,0,0,0,0,0,0,0,2,0,0,0,0,0,3,0,0,0,0,3,0,0,0,0,0,0,0,0,0,0,0,0,0,0,0,0,0,891,0,0,0,0,0,0,0,1,0,0,0,0,0,0,0,0,3,1,0,0,0,0,0,0,0,0,2,0,1,0,0,0,0,0,0,1932.385986,1872.379395,1875.903564
228,0,1,0,0,0,0,0,0,16,0,0,1,0,0,0,0,0,1,11,0,0,0,2,0,1,0,0,0,0,0,1,1,0,0,0,2,0,0,0,0,0,1,0,0,0,10,0,0,0,0,0,0,0,0,1,0,53,0,1,0,0,0,0,0,0,1,4,0,0,0,0,1,0,4,0,0,0,0,0,0,0,0,0,1,0,1,0,0,0,0,0,0,0,0,0,1,0,0,0,0,0,0,0,0,0,0,0,0,0,0,0,0,0,708,1,1,0,0,0,0,0,0,0,0,0,0,0,0,0,0,2,0,0,0,0,0,0,0,0,0,23,0,0,1,0,0,0,0,0,1976,1917.875,1925.5
241,0,1,0,0,0,0,0,0,8,0,0,1,0,0,0,0,0,0,9,0,0,0,0,0,0,0,1,0,2,0,0,0,2,1,0,2,0,1,1,0,0,0,1,0,0,3,0,0,1,0,0,0,0,0,0,0,44,0,1,0,2,0,0,0,0,1,6,1,0,0,0,0,0,4,1,0,0,1,0,0,0,0,1,0,2,1,0,0,0,1,0,1,0,0,1,0,0,0,0,0,0,0,1,0,0,0,0,0,0,0,0,0,0,746,0,0,0,0,0,0,0,1,0,0,0,1,0,0,0,0,2,0,0,0,0,0,0,0,0,0,2,0,4,0,0,0,0,1,0,2027.543823,1971.642578,1984.114014
252,0,2,0,0,0,0,1,0,8,0,0,0,0,0,0,0,0,0,11,0,0,0,1,0,1,0,0,0,0,0,1,0,0,1,0,6,0,0,0,4,0,0,0,0,0,4,1,0,0,0,0,0,0,0,0,0,22,0,0,0,0,0,0,0,0,1,5,0,0,0,0,0,0,3,2,0,0,0,0,2,0,1,1,1,3,0,0,1,0,0,0,0,0,0,0,3,0,0,0,0,0,0,0,0,0,0,0,0,0,0,0,0,0,747,1,0,0,0,0,0,1,0,0,0,0,0,0,0,0,0,4,0,0,0,0,0,0,0,0,0,3,0,2,0,0,0,0,0,0,2071.157959,2017.138184,2033.710571
263,0,2,0,0,0,0,1,0,10,0,0,1,0,0,0,0,0,0,13,0,0,0,0,0,1,0,0,1,0,0,0,0,0,1,0,6,0,1,0,0,0,1,0,0,0,14,0,0,0,0,0,0,0,0,0,1,29,0,1,0,0,0,0,0,0,0,1,2,0,0,0,2,0,1,0,0,0,1,0,1,0,0,0,0,4,0,0,0,0,0,0,0,0,0,0,2,0,0,0,0,0,0,1,0,0,0,0,1,0,0,0,0,0,686,0,0,1,0,0,0,1,1,0,0,0,2,0,0,0,0,1,0,0,0,0,0,0,0,0,0,2,0,3,1,0,0,0,0,0,2114.771973,2062.633789,2083.307129
273.5,1,0,0,0,0,0,0,0,5,0,0,0,0,0,0,0,0,0,14,0,0,0,0,1,1,0,1,2,0,0,0,0,0,3,0,3,0,0,0,0,0,2,0,0,0,6,0,0,0,0,0,1,0,0,0,0,85,1,0,0,0,0,1,0,0,4,2,0,0,0,0,2,0,4,0,0,0,1,0,0,1,0,0,0,4,0,0,0,0,0,0,0,0,0,2,4,0,0,0,0,0,0,0,0,0,1,0,0,0,0,0,0,0,746,0,0,0,0,0,0,0,1,0,0,0,0,0,0,0,0,0,0,0,0,0,0,0,0,0,0,3,0,3,0,0,0,0,0,0,2156.403564,2106.061523,2130.64917
284.5,0,1,0,0,0,0,0,0,8,0,0,0,0,0,0,0,0,0,14,0,0,0,0,0,0,0,0,1,0,0,2,0,0,1,0,3,0,0,0,0,0,0,1,0,0,9,0,2,0,0,0,0,0,0,0,0,41,0,1,0,0,0,0,0,0,0,0,0,1,0,0,1,0,5,0,0,0,2,0,0,0,0,0,0,0,0,0,0,0,0,0,0,0,0,0,2,0,0,0,0,0,0,0,0,0,0,0,0,0,0,0,0,0,728,0,0,0,0,0,0,1,2,0,0,0,0,0,0,0,0,3,0,0,0,0,0,0,0,0,0,0,0,3,0,0,1,0,1,0,2200.017578,2151.557129,2180.245605
295.5,1,2,0,0,0,0,1,0,9,0,0,0,0,1,0,0,0,1,6,3,0,0,0,0,0,0,0,0,0,1,1,0,0,0,0,6,0,0,0,0,0,0,0,0,0,3,1,0,0,0,0,0,0,0,0,0,34,0,0,0,0,0,0,0,0,0,2,0,0,0,0,3,1,8,1,0,0,0,0,3,1,0,0,0,2,0,0,0,0,0,0,0,0,0,0,2,0,0,0,0,0,0,0,0,0,0,0,0,0,0,0,0,0,730,0,1,1,0,0,0,1,2,0,0,0,0,0,0,0,0,8,0,0,0,0,0,0,0,0,1,1,0,6,0,0,0,0,0,0,2243.631592,2197.052734,2229.842041
306.5,0,0,0,0,0,0,0,0,1,0,0,0,0,0,0,0,0,0,4,2,0,0,0,0,0,0,0,0,0,0,0,0,0,0,0,2,0,0,2,0,0,1,0,0,0,7,0,0,0,0,0,1,0,0,0,0,48,0,1,0,0,0,0,0,0,2,1,3,0,0,0,1,0,4,0,0,0,0,0,0,0,0,0,0,1,0,0,0,0,0,0,1,0,0,0,0,0,0,0,0,0,0,0,0,1,0,0,0,0,0,0,0,0,673,0,0,0,0,0,0,1,0,0,0,0,0,0,0,0,0,1,0,0,0,0,0,1,0,0,0,3,0,3,0,0,0,1,0,0,2287.245605,2242.54834,2279.438477
317,0,3,0,0,0,0,1,0,6,0,0,1,0,0,0,0,0,0,2,0,0,0,0,0,0,1,0,0,0,2,0,1,0,0,0,8,0,1,0,0,1,0,0,0,0,13,0,0,0,0,0,2,0,0,0,1,42,1,0,0,0,0,0,0,0,1,3,3,0,0,0,2,0,5,0,0,0,0,0,0,0,0,0,0,3,1,0,1,1,0,0,0,0,0,0,0,1,2,0,0,1,0,0,0,0,0,0,0,0,0,0,0,0,741,0,0,0,0,0,0,0,1,0,0,0,0,0,0,2,0,1,0,0,0,2,0,0,0,0,1,3,0,4,3,0,0,0,0,0,2354.941162,2323.679688,2361.418213
328,0,0,0,0,0,0,1,0,11,0,0,1,0,0,0,0,0,1,13,0,0,0,0,0,0,0,0,2,2,0,0,0,0,0,0,0,0,1,0,1,0,0,0,0,0,10,0,0,0,0,0,0,0,0,0,2,38,0,0,0,1,0,0,0,0,2,2,0,0,0,0,0,0,5,0,0,0,0,0,0,0,0,0,1,6,0,0,0,0,0,0,0,0,0,0,1,0,0,1,0,0,0,1,0,0,0,0,0,0,0,0,0,0,786,0,0,0,2,0,0,1,1,0,0,1,2,0,0,1,0,3,0,0,0,0,0,0,0,0,0,4,1,3,1,0,0,0,0,0,2480.470703,2487.673096,2519.875732
338.5,0,6,0,0,0,0,0,0,10,0,0,1,0,0,0,0,0,0,15,0,0,0,1,0,3,0,0,1,0,2,0,0,0,0,0,6,0,1,3,0,0,4,0,0,0,20,0,0,0,0,0,2,0,0,0,0,77,1,2,0,1,0,0,0,0,0,2,6,0,0,0,3,0,3,1,0,0,1,0,0,1,0,0,1,12,0,0,0,0,0,0,3,0,0,0,1,0,0,2,0,1,0,2,0,0,0,0,0,0,0,0,0,0,552,1,0,1,0,0,0,0,2,0,0,0,0,0,0,0,0,1,0,0,0,1,0,0,0,0,0,6,1,1,0,0,0,0,0,0,2600.294189,2644.212402,2671.130615
347,0,4,1,0,0,0,0,0,5,0,0,0,0,0,0,0,0,0,7,0,0,0,0,0,3,1,1,1,3,2,0,0,0,0,0,10,0,1,4,0,0,0,0,0,0,10,1,0,0,0,0,1,0,0,0,1,52,0,0,0,1,0,0,0,0,0,1,0,0,0,0,1,1,6,0,0,0,2,1,0,0,0,0,0,16,2,0,0,0,0,0,0,0,0,0,4,0,0,1,1,0,0,2,0,0,0,0,0,0,0,0,1,0,695,0,0,0,0,0,0,0,0,0,0,0,0,0,0,0,0,1,0,0,0,2,0,0,0,0,0,7,0,6,0,0,0,0,0,0,2697.294189,2770.93457,2793.575195
360,1,8,0,0,0,0,2,0,9,0,0,0,0,0,0,0,0,0,3,0,0,0,0,0,2,0,1,0,1,1,0,0,0,0,0,13,0,0,5,1,0,0,0,0,0,19,0,0,0,0,0,0,0,0,0,1,56,0,0,0,1,0,0,0,0,0,1,7,1,0,0,1,0,7,0,0,0,2,0,0,2,0,0,1,7,0,0,0,0,0,0,0,0,1,0,2,0,0,0,0,0,0,2,3,0,0,0,0,0,0,0,0,0,678,0,0,0,0,0,0,0,4,0,0,0,1,0,0,0,0,3,0,0,0,0,0,0,0,0,0,1,0,6,1,0,1,0,1,0,2845.646973,2964.745117,2980.843018
369,0,5,2,0,0,0,3,0,10,0,0,0,0,0,0,0,0,0,7,0,0,0,0,0,1,0,0,1,1,0,1,0,0,3,0,8,0,1,3,0,0,0,1,0,0,23,0,0,0,0,0,2,0,0,0,0,62,0,3,0,0,0,0,0,0,2,4,8,0,0,0,2,0,6,5,0,0,1,1,0,1,0,0,0,3,0,0,0,0,1,0,0,0,0,0,0,2,0,3,0,0,0,1,0,1,0,0,0,0,0,0,0,0,561,0,0,0,0,0,0,1,2,0,0,0,2,0,0,0,0,0,0,0,0,2,0,0,0,0,0,2,0,3,0,0,0,0,0,0,2948.353027,3098.921631,3110.490234
377,2,4,0,0,0,0,6,0,6,0,0,0,0,0,0,0,0,0,5,0,0,0,0,0,0,2,0,0,0,2,0,0,0,1,0,16,0,1,2,0,1,0,0,0,0,14,1,0,0,0,0,1,0,0,0,1,59,0,0,0,0,0,0,0,0,0,3,3,0,0,0,4,1,5,0,0,0,1,0,0,0,0,0,1,12,0,0,0,0,0,0,0,0,0,0,2,0,0,7,0,0,0,2,0,0,0,0,0,0,1,0,0,0,660,2,0,0,0,0,0,0,5,0,0,0,0,0,0,0,0,3,0,0,0,2,0,0,0,0,0,2,1,2,0,0,0,0,0,0,3039.646973,3218.189453,3225.731934
390,2,8,0,0,0,0,2,0,12,0,0,0,0,0,0,0,0,0,3,0,0,0,0,0,2,3,0,0,1,3,0,0,0,6,0,25,0,0,4,0,0,0,0,0,0,19,0,0,0,0,0,0,0,0,0,0,91,1,0,0,0,0,0,0,0,1,3,0,0,0,0,3,0,5,0,0,0,5,0,0,2,0,0,0,8,0,0,0,0,2,0,0,0,0,0,0,0,3,3,0,0,0,2,1,1,0,0,1,0,1,0,0,0,728,0,0,0,0,0,0,0,2,0,0,0,1,0,0,1,0,2,0,0,0,1,0,0,0,0,2,2,1,5,0,0,0,0,0,0,3188,3412,3413
403,0,8,2,0,0,0,1,0,7,0,0,0,1,0,0,1,0,1,6,2,0,0,0,0,1,0,0,0,0,3,0,0,0,0,0,23,0,0,3,0,0,0,1,0,0,15,0,0,1,0,0,1,0,0,0,0,61,0,2,0,0,0,0,0,0,2,0,2,0,0,0,3,0,4,2,0,0,2,0,0,0,1,0,1,5,0,0,0,0,0,0,0,0,0,0,1,0,1,0,0,0,0,0,0,1,0,0,0,0,0,1,0,0,541,1,0,0,0,0,0,0,3,0,0,0,5,0,0,0,0,0,0,0,0,0,0,0,0,0,0,5,2,4,0,0,0,1,0,0,3366.829346,3641.561035,3665.49585
412,0,6,0,0,0,0,0,0,6,0,0,0,0,0,0,0,1,0,7,0,0,0,0,0,4,1,0,2,0,6,2,0,0,2,0,39,0,0,9,0,0,0,0,0,0,10,1,1,0,0,0,0,0,0,0,0,49,1,1,0,0,0,0,0,0,0,2,0,0,0,0,1,0,6,2,0,0,0,0,0,1,0,0,0,1,0,0,0,1,0,0,0,0,0,0,1,0,2,0,0,0,0,3,0,0,0,4,0,0,0,0,0,0,704,2,0,0,1,0,0,0,1,0,0,0,0,0,0,0,0,0,1,0,0,3,0,0,0,0,2,3,0,5,0,0,0,0,0,1,3490.634033,3800.487793,3840.300781
425,0,6,1,0,0,0,4,0,10,0,0,0,0,0,0,0,0,0,3,0,0,0,0,0,0,0,0,0,1,2,1,0,0,2,0,21,0,2,1,0,0,1,0,0,0,15,0,0,0,0,0,0,0,0,0,0,63,0,1,0,0,0,0,0,0,2,1,0,0,0,0,2,0,4,0,0,0,0,0,0,0,0,0,0,2,0,0,0,0,0,0,0,0,0,0,2,1,0,1,0,0,0,1,0,1,0,0,0,0,0,0,0,0,677,0,0,0,0,0,1,0,4,0,0,0,0,0,0,0,0,1,0,0,0,3,0,0,0,0,0,1,2,2,0,0,0,0,0,0,3669.463379,4030.048828,4092.796631
436,0,0,0,0,0,0,2,1,3,0,0,0,0,0,0,3,0,0,1,0,0,0,0,0,1,0,0,1,3,0,0,0,0,2,0,5,0,3,0,0,0,0,0,0,0,13,0,0,0,1,0,1,0,0,0,0,99,0,1,0,0,0,1,0,0,1,2,0,0,0,0,9,0,3,1,0,0,3,0,0,0,0,0,2,8,0,0,0,0,0,0,3,0,0,0,0,0,0,2,0,0,0,0,3,6,0,0,0,0,1,0,0,0,502,1,0,0,0,1,0,0,2,0,0,0,3,0,0,0,0,0,0,1,0,0,0,0,0,0,0,8,15,5,0,0,0,1,0,0,3820.780518,4224.29248,4306.447266
447.5,0,1,0,0,0,0,7,0,5,0,0,1,0,0,0,0,0,0,2,0,0,0,0,0,2,2,0,0,2,3,0,0,0,2,0,9,0,0,0,0,0,1,0,0,0,23,0,0,0,0,0,1,0,0,0,0,88,0,0,0,0,1,0,0,0,3,2,1,0,0,0,6,0,4,1,0,0,2,0,0,0,0,0,0,5,0,0,0,0,1,0,0,0,0,0,1,0,1,5,0,0,0,2,6,2,0,0,0,1,0,0,0,0,655,1,0,0,0,0,0,0,2,0,0,0,0,0,0,0,0,1,1,1,0,3,0,0,0,0,0,3,19,8,0,0,0,0,0,0,3978.975586,4427.365723,4529.809082
459,0,3,0,0,0,0,0,0,4,0,0,0,0,0,0,0,0,0,0,0,0,0,0,0,0,0,0,0,2,2,0,0,0,0,0,6,0,0,1,0,0,0,3,0,0,18,0,0,0,0,0,1,0,0,0,0,90,0,1,0,0,1,0,0,0,1,0,0,0,0,0,5,0,4,1,0,0,2,0,0,0,0,0,0,4,0,0,0,0,0,0,0,0,0,0,0,0,0,0,0,1,0,0,0,0,0,0,0,1,0,0,0,0,682,0,1,0,0,0,0,1,3,0,0,0,0,0,0,0,0,0,0,0,0,1,0,0,0,0,0,3,49,4,0,0,0,0,0,0,4143.350098,4633.299805,4734.662598
470,0,4,1,0,0,0,3,0,1,0,0,0,0,0,0,0,0,0,2,0,0,0,0,0,1,1,0,0,1,0,1,0,0,1,0,0,0,2,2,0,0,0,1,0,0,18,0,0,0,0,0,1,0,0,0,1,70,0,2,0,0,0,0,0,0,1,2,0,0,0,0,6,0,4,0,0,0,3,1,0,0,0,0,0,1,0,0,2,0,1,0,1,0,0,0,0,0,0,1,0,0,0,0,0,3,0,1,0,0,1,0,0,0,501,0,0,0,0,0,0,3,5,0,0,0,0,0,0,0,0,0,0,0,0,1,0,0,0,0,0,2,58,4,0,0,0,0,0,0,4303.72998,4831.740234,4921.16748
481,0,3,0,0,0,0,8,1,4,0,0,0,0,0,0,0,0,0,2,0,0,0,0,0,5,0,0,0,3,3,0,0,0,0,0,3,0,1,0,0,0,0,1,0,0,7,0,0,0,1,0,0,0,0,0,0,60,1,3,0,0,0,0,0,0,1,3,0,0,0,0,1,0,10,1,0,0,0,0,0,0,0,0,0,1,0,0,1,0,0,0,0,0,0,0,0,1,0,2,0,0,0,1,0,2,0,0,1,0,0,0,0,0,630,0,0,0,0,0,0,7,0,0,0,0,0,0,0,0,0,0,1,0,0,0,0,0,0,0,0,3,64,4,0,0,0,0,0,0,4464.109863,5030.180176,5107.672363
492,0,2,0,0,0,0,1,0,1,0,0,0,0,0,0,0,0,0,1,0,0,0,0,0,0,0,0,0,1,0,3,0,0,1,0,9,1,1,0,0,0,0,0,0,0,16,0,0,0,0,0,0,0,0,0,0,84,1,3,0,0,0,0,0,0,1,3,0,0,0,0,4,0,6,0,0,0,0,0,0,0,0,0,0,0,0,0,3,0,3,0,0,0,0,0,0,0,0,1,0,0,0,0,2,1,0,3,0,0,0,0,0,0,597,0,0,0,0,0,0,1,4,0,0,0,0,0,0,0,0,0,0,0,0,0,0,0,0,0,0,2,96,3,0,0,0,0,0,0,4624.490234,5228.620117,5294.177734
504,0,0,0,0,0,0,2,0,0,0,0,0,0,0,0,0,0,0,2,0,0,0,0,0,1,0,0,0,4,2,0,0,0,1,0,1,0,0,1,0,0,0,0,0,0,8,0,0,0,0,0,2,0,0,0,0,71,0,0,0,0,0,0,0,0,0,3,2,0,0,0,7,0,5,1,0,1,1,1,0,0,0,0,0,5,0,0,1,0,1,0,2,0,0,0,0,0,1,3,0,0,0,1,0,3,0,0,0,0,0,0,0,0,430,1,0,0,0,0,0,3,1,0,0,0,1,0,0,1,0,2,0,0,0,2,0,0,0,0,0,0,87,3,0,0,0,0,0,0,4799.450195,5445.100098,5497.637695
515,0,2,0,0,0,0,4,0,4,0,0,0,0,0,1,0,0,0,1,0,0,0,0,0,2,0,0,1,3,0,1,0,0,0,0,7,1,0,2,0,0,0,0,0,0,14,0,0,0,0,0,1,0,0,0,0,72,1,5,0,0,0,0,0,0,2,2,2,0,0,0,7,0,10,1,0,0,0,2,0,2,0,0,0,4,1,0,0,0,0,0,6,0,0,0,0,1,0,1,0,0,0,0,0,3,0,2,0,0,1,0,0,0,611,0,0,0,0,0,0,1,3,0,0,0,0,0,0,0,0,0,0,0,0,6,0,0,0,0,0,0,137,4,1,0,0,0,0,0,4959.830078,5643.540039,5684.142578
525.5,0,1,0,0,1,1,4,0,2,0,0,0,0,0,0,0,0,0,3,0,0,0,0,0,2,0,0,0,2,0,1,0,0,0,0,5,0,0,1,0,0,0,0,0,0,5,0,0,0,0,0,1,0,0,0,1,94,0,1,0,0,0,0,0,0,2,2,1,0,0,0,8,0,6,0,0,0,0,3,0,0,0,0,0,3,3,0,1,0,0,0,1,0,0,1,0,0,1,3,0,0,0,2,0,4,0,3,0,0,1,0,0,0,551,0,0,0,0,0,0,0,7,0,0,0,2,0,0,0,0,0,0,0,0,0,0,0,0,0,0,2,155,3,0,0,0,0,0,0,5112.919922,5832.959961,5862.169922
535,0,3,1,0,0,0,4,1,0,0,0,0,0,0,0,0,0,0,1,0,0,0,0,0,3,0,0,2,3,0,0,0,0,0,0,0,0,0,1,0,0,0,0,0,0,10,0,0,0,0,0,0,2,0,0,1,69,0,1,0,0,0,0,0,0,0,2,3,0,0,0,9,0,3,0,0,1,0,4,0,0,0,0,0,0,0,0,3,0,1,0,5,0,0,0,0,0,0,2,0,0,0,1,0,4,0,0,0,0,2,0,1,0,481,0,0,0,0,0,0,2,3,0,0,0,0,0,0,0,0,0,0,0,0,1,0,0,0,0,0,0,188,5,0,0,0,0,0,1,5251.430176,6004.339844,6023.242676
545,0,3,0,0,0,0,4,0,4,0,0,0,0,0,0,0,0,0,3,0,0,0,0,0,3,0,0,0,3,1,2,0,0,0,0,7,0,0,2,0,0,0,2,0,0,9,0,0,0,0,0,1,0,0,0,0,84,0,2,0,0,0,0,1,0,0,2,1,0,0,0,13,0,7,0,0,0,0,7,0,1,0,0,1,1,1,0,4,0,0,0,5,0,0,0,0,0,0,1,0,1,0,1,0,7,0,3,0,1,0,0,0,0,555,0,0,0,0,0,1,5,6,0,1,0,0,0,0,0,0,0,0,0,0,4,0,0,0,0,0,1,210,12,0,0,0,0,0,0,5397.22998,6184.740234,6192.79248
555,1,4,0,0,0,0,3,0,3,0,0,0,0,0,0,0,0,0,0,0,0,0,0,0,2,0,0,1,2,0,2,0,0,1,0,8,0,0,1,0,0,1,0,0,0,14,0,0,0,0,0,0,0,0,0,0,58,0,1,0,0,0,0,0,0,0,3,1,0,1,0,16,0,8,0,0,0,0,5,0,0,0,0,1,2,1,1,2,0,1,0,6,0,0,0,0,0,1,0,1,1,0,2,0,4,0,1,0,0,0,0,0,0,570,1,0,0,0,0,0,1,4,0,0,0,0,0,0,0,0,1,0,0,1,5,0,0,0,0,0,0,157,23,0,0,0,0,0,0,5566.320313,6379.888672,6382.392578
567.5,0,3,0,0,0,0,6,1,1,0,0,0,0,0,0,0,0,0,0,0,0,0,1,0,1,0,0,1,3,0,0,0,0,1,0,2,0,1,0,0,0,0,0,0,0,10,0,0,0,0,0,0,0,0,0,0,59,0,0,0,0,0,0,0,1,1,5,2,0,0,0,10,0,2,0,0,0,0,1,0,2,0,0,0,4,1,0,2,0,0,0,1,1,0,0,0,0,0,1,0,0,0,1,0,3,0,1,2,0,0,0,0,0,445,0,0,0,0,1,0,3,2,0,0,0,0,0,0,0,0,1,0,0,0,3,0,0,0,0,0,2,169,0,1,0,0,0,0,0,5831.75,6658.0625,6665.9375
577,1,7,1,0,0,0,1,0,2,0,0,0,0,0,0,0,0,0,2,0,0,0,1,0,3,0,0,1,2,0,0,0,0,1,0,7,0,0,2,0,0,1,0,0,0,17,0,0,0,0,0,1,0,0,0,0,90,0,1,0,0,0,0,0,0,0,3,2,0,0,0,12,0,9,1,0,0,0,8,0,0,0,0,0,4,0,0,1,0,1,0,4,0,0,0,0,0,0,0,1,0,0,3,1,6,0,3,0,0,0,0,0,0,607,1,0,0,0,0,0,1,2,0,1,0,1,0,0,0,0,0,0,0,0,3,0,0,0,0,0,0,158,15,0,1,0,0,0,0,6033.476563,6869.474609,6881.431641
590,0,6,1,0,0,0,3,0,1,0,0,0,1,0,0,0,0,0,2,0,0,0,0,0,0,0,0,0,4,0,1,1,0,0,0,7,0,1,0,0,0,0,0,0,0,17,0,0,0,0,0,1,0,0,0,3,98,0,1,0,0,0,0,0,0,2,3,0,1,0,1,10,0,4,0,0,1,0,7,0,1,0,0,0,1,0,0,1,0,4,0,4,0,0,0,0,1,0,0,0,0,0,1,1,9,0,1,1,0,0,0,0,0,520,0,0,0,0,0,0,3,2,0,0,0,3,0,0,0,0,0,0,0,0,4,0,0,0,0,0,0,149,14,0,0,0,0,0,1,6309.523438,7158.775391,7176.318359
600,0,0,0,0,0,0,3,0,0,0,0,0,0,0,0,0,0,0,0,0,0,0,0,0,0,0,0,1,5,0,1,0,0,0,0,0,0,1,0,0,0,0,0,0,0,6,0,0,0,0,0,1,1,0,0,0,59,0,0,0,0,0,0,0,0,0,5,3,0,0,0,7,0,7,0,0,0,0,3,0,0,0,0,0,1,0,0,3,0,2,0,2,0,0,0,0,0,1,0,2,0,0,0,0,4,0,0,1,0,1,0,1,0,429,1,0,0,0,0,0,4,4,0,0,0,0,0,0,0,0,1,0,0,0,1,0,0,0,0,0,3,103,0,0,0,0,0,0,0,6521.867188,7381.314453,7403.154297
613,0,4,0,0,0,0,5,0,1,0,0,0,1,0,0,0,0,0,0,0,0,0,0,0,3,0,0,0,3,0,0,0,0,0,0,1,0,0,1,0,0,1,1,0,0,6,0,0,0,0,0,0,0,0,0,1,92,1,1,0,1,0,0,0,0,1,0,0,0,0,0,10,0,3,0,0,1,0,1,0,1,0,0,0,1,0,0,3,0,0,0,4,0,0,0,1,0,1,0,1,0,0,1,0,3,0,1,0,0,0,0,0,0,660,0,0,0,0,0,0,2,2,0,0,0,1,0,0,0,0,0,0,0,0,1,0,0,0,0,0,0,125,4,0,0,0,0,1,0,6797.914063,7670.615234,7698.041016
622.5,0,0,0,0,0,0,3,0,0,0,0,0,0,0,0,0,0,0,0,0,0,0,0,0,7,0,0,0,2,0,1,0,0,0,0,5,0,0,1,0,0,0,0,0,0,15,0,0,0,0,0,0,0,0,0,1,89,2,2,0,1,0,0,0,0,1,0,0,0,0,0,11,0,5,0,0,0,0,2,0,0,0,0,0,3,0,0,2,0,1,0,4,0,0,0,0,0,0,0,0,0,0,0,0,4,0,0,4,0,0,0,0,0,622,0,0,0,0,0,0,0,5,0,0,0,0,0,0,0,0,0,0,0,0,3,0,0,0,0,0,2,99,3,0,0,0,0,0,0,6999.640625,7882.027344,7913.535156
635,0,3,0,0,0,0,7,1,0,0,0,0,0,0,0,0,0,0,1,0,0,0,0,0,5,0,0,0,8,2,1,0,0,1,0,2,0,0,1,0,0,0,1,0,0,17,0,0,0,0,0,1,0,0,1,5,63,1,0,0,0,0,0,0,0,2,3,0,2,0,0,13,0,5,0,0,0,0,7,0,1,1,0,0,5,0,0,0,0,1,0,6,0,0,2,0,0,0,1,1,0,0,1,1,8,0,1,1,0,0,0,0,0,510,0,0,0,0,0,0,4,3,0,0,0,0,0,0,0,0,1,1,0,0,3,0,0,0,0,0,2,143,11,0,0,0,0,1,0,7265.070313,8160.201172,8197.080078
645,0,0,0,0,0,0,7,0,1,2,0,0,0,0,0,0,0,0,0,0,0,0,0,0,3,0,0,0,8,3,2,0,0,0,2,0,0,0,0,0,0,0,0,1,0,17,0,0,0,0,1,0,0,0,0,8,68,1,0,0,0,0,0,0,0,0,2,3,0,0,0,12,0,4,0,0,1,0,2,0,0,0,0,1,1,0,0,2,0,1,0,10,0,0,0,0,0,1,0,0,0,0,2,0,5,0,2,2,0,0,0,0,0,607,0,0,0,0,0,0,9,3,0,0,0,0,0,0,0,0,0,0,0,0,2,0,0,0,0,0,0,182,1,0,0,0,0,0,0,7477.414063,8382.740234,8423.916016
654.5,0,0,0,0,0,0,4,0,1,0,0,0,0,1,0,0,1,0,2,0,0,0,0,0,11,0,0,0,8,0,1,0,0,0,0,7,0,1,1,0,0,0,0,1,0,5,0,0,0,0,0,0,0,0,0,7,74,1,2,0,1,0,0,0,0,0,2,0,0,0,0,12,0,2,0,0,0,0,3,0,1,0,0,1,2,0,0,0,0,5,0,3,0,0,1,0,0,1,0,0,0,0,1,0,10,0,5,0,0,1,0,0,0,459,0,0,0,0,0,0,8,3,0,0,0,0,0,0,0,0,0,0,0,0,2,0,0,0,0,0,1,121,0,1,0,0,0,0,0,7679.140625,8594.152344,8639.410156
661,0,0,0,0,0,0,14,1,0,0,0,0,1,0,0,1,0,0,3,0,0,0,0,0,1,0,0,0,9,3,0,0,0,1,0,0,0,0,0,0,0,0,1,0,0,9,0,0,0,0,0,0,0,0,0,5,65,0,1,0,0,0,0,0,0,3,5,5,0,0,0,6,0,5,0,0,0,0,1,0,6,0,0,1,2,0,0,0,0,5,0,3,0,0,0,0,0,1,0,0,1,0,0,0,6,0,3,0,0,0,0,0,0,427,0,0,0,0,0,0,11,1,0,0,0,2,0,0,0,0,0,0,0,0,2,0,0,0,0,0,0,102,1,0,0,0,0,0,0,7817.164063,8738.802734,8786.853516
670,0,4,0,0,0,0,12,0,0,0,0,0,1,0,0,0,0,1,4,0,0,0,0,0,0,0,0,1,9,0,1,0,0,1,1,8,0,0,0,0,0,0,1,0,1,17,0,0,0,0,0,1,0,0,0,2,53,0,3,0,0,0,0,0,0,1,2,2,1,0,0,6,0,7,1,0,0,0,10,0,4,0,0,0,1,0,0,0,0,7,0,4,0,0,0,1,0,0,0,0,0,0,1,1,11,0,9,6,0,1,1,0,0,477,0,1,0,0,0,1,5,3,2,0,2,0,0,0,0,0,1,0,0,0,5,0,0,0,0,0,1,166,2,0,0,0,0,0,0,8008.273438,8939.087891,8991.005859
676.5,0,0,0,0,0,0,5,0,2,0,0,0,1,0,1,0,2,0,9,0,0,0,0,0,4,0,0,1,16,0,2,0,0,0,0,9,0,0,0,0,0,0,0,0,0,18,0,0,0,1,0,3,0,0,0,11,43,3,4,0,0,0,0,0,0,0,1,5,0,0,0,11,0,7,0,0,1,0,16,2,1,0,0,1,11,0,0,0,0,2,0,3,0,0,1,0,1,0,0,0,0,0,1,0,16,0,3,0,0,2,0,0,0,560,0,1,0,0,0,0,14,5,0,0,1,1,0,0,0,0,1,0,0,0,4,0,0,0,0,0,0,120,5,0,0,1,0,0,0,8146.296875,9083.738281,9138.449219
686,0,2,0,0,0,0,5,0,2,1,0,0,0,0,0,0,0,0,2,0,0,0,0,0,3,0,0,2,14,1,0,0,0,0,0,2,0,0,0,0,0,0,1,0,1,16,1,0,0,0,0,0,0,0,0,20,50,1,4,0,0,0,0,0,0,2,2,2,0,0,0,3,1,6,0,0,0,0,7,0,1,0,0,0,0,0,0,1,0,1,0,6,0,0,0,0,0,1,0,0,0,0,0,0,33,0,8,0,0,3,0,0,0,467,0,2,0,0,0,3,9,1,0,0,0,0,0,0,0,0,0,0,0,0,1,0,0,0,0,0,1,117,6,0,0,0,0,0,0,8292.076172,9255.078125,9306.038086
692.5,0,0,0,0,0,0,16,0,2,0,0,1,0,0,0,0,0,0,5,0,0,0,0,0,2,0,0,0,6,0,0,0,0,2,0,0,0,0,0,0,0,0,2,0,0,18,0,0,0,0,0,0,0,0,0,4,70,0,7,0,0,0,0,0,0,0,2,11,0,0,0,9,0,6,2,0,0,0,10,0,0,0,0,2,4,0,0,0,0,2,0,5,1,0,2,0,0,0,0,2,1,0,0,1,41,0,3,0,0,1,0,0,0,422,0,0,0,0,0,0,9,0,0,0,0,3,0,0,0,0,0,0,0,0,3,0,0,0,0,0,0,118,3,0,0,0,0,0,0,8374.152344,9359.657227,9405.576172
702,0,0,0,0,0,0,13,0,1,0,0,0,0,0,0,0,0,0,2,0,0,0,0,0,1,0,0,1,8,2,1,0,0,0,0,2,0,0,0,0,0,0,0,0,2,10,0,0,0,0,0,0,0,0,0,5,68,0,5,0,0,0,0,0,0,0,2,3,0,0,0,1,0,2,0,0,0,0,9,0,0,0,0,2,2,0,0,0,0,3,0,8,0,0,0,0,0,0,0,0,0,1,1,0,65,0,8,0,0,2,0,0,0,587,0,0,0,0,0,0,10,5,0,0,0,0,0,0,1,0,0,0,0,0,3,0,0,0,0,0,0,110,6,0,0,0,0,0,0,8494.110352,9512.501953,9551.054688
715,0,0,1,0,0,0,8,0,1,0,0,1,0,0,0,0,0,0,6,0,0,0,0,0,2,0,0,0,6,0,1,0,0,2,0,0,0,0,0,0,1,0,1,0,0,12,1,0,0,0,0,1,0,0,0,4,71,0,0,1,0,0,0,0,0,1,6,2,0,0,0,0,0,3,0,0,0,0,0,0,0,0,0,0,1,0,0,1,0,4,0,1,0,0,0,0,0,0,0,0,0,0,0,0,44,0,6,0,0,2,0,0,0,420,0,0,0,0,0,0,16,1,0,0,0,0,0,1,0,0,1,0,0,0,3,0,0,0,1,0,1,84,0,0,0,0,0,0,0,8658.262695,9721.65918,9750.131836
725,0,0,0,0,0,0,12,0,1,0,0,1,0,0,0,0,0,0,2,0,0,0,0,0,2,0,0,0,5,0,0,0,0,0,0,1,0,0,0,0,0,2,0,0,1,17,0,0,0,1,0,1,0,0,0,1,83,0,4,0,3,0,0,0,0,2,1,3,0,0,0,0,0,3,0,0,1,0,2,0,1,0,0,0,3,0,0,1,0,1,0,3,0,0,0,0,0,0,0,1,0,0,0,0,92,0,3,0,0,4,0,0,0,405,0,1,0,0,0,0,20,5,0,0,0,0,0,0,0,0,0,0,0,0,1,0,0,2,1,0,0,104,8,0,0,0,0,0,0,8784.53418,9882.548828,9903.266602
734.5,0,0,0,0,0,0,13,0,2,0,0,0,2,0,0,0,0,0,6,0,0,1,0,0,1,2,0,1,2,0,1,0,0,0,0,1,0,0,1,0,0,0,1,0,1,30,0,0,0,0,0,8,0,0,0,1,75,1,4,2,0,0,0,0,0,0,0,4,1,0,0,0,0,4,0,0,0,0,10,1,0,0,0,0,4,0,0,0,0,4,0,2,0,0,0,0,0,0,0,0,0,0,0,0,68,0,12,0,0,20,0,0,0,495,0,0,0,0,0,0,12,2,0,0,0,0,0,2,0,0,0,0,0,0,4,0,0,0,0,0,3,63,7,0,0,0,0,0,0,8904.491211,10035.39453,10048.74609
744,0,0,0,0,0,0,10,1,3,0,0,0,0,0,0,0,0,0,5,0,0,0,0,0,1,1,0,0,2,0,1,0,0,2,0,2,0,0,0,0,0,0,1,0,5,28,0,0,0,0,0,2,0,0,0,4,67,0,4,1,1,0,0,0,0,0,5,1,1,0,0,0,0,1,0,0,0,0,5,0,0,0,0,0,2,0,0,1,0,3,0,7,0,0,0,0,0,0,0,0,0,0,0,0,99,0,6,0,0,7,0,0,0,527,0,0,0,0,0,0,14,3,0,0,0,0,0,1,0,0,0,0,0,0,4,0,0,1,0,0,1,46,5,0,0,0,0,0,0,9024.449219,10188.23926,10194.22461
754,0,0,0,0,0,0,8,0,3,0,0,0,0,0,0,0,0,1,4,0,0,0,0,0,0,0,0,0,2,0,0,0,0,1,0,4,0,0,1,0,0,0,0,0,0,16,0,0,0,0,0,2,0,0,0,0,73,0,1,0,1,0,0,0,0,0,6,3,1,0,0,0,0,7,2,1,0,0,0,0,0,0,0,0,4,0,0,0,0,5,0,2,0,0,0,0,0,2,0,0,0,0,1,0,112,0,2,1,0,5,0,1,0,478,0,0,0,0,0,0,14,3,0,0,0,0,1,0,0,0,0,0,0,0,2,0,0,0,0,0,3,17,1,0,0,0,0,0,0,9150.720703,10349.12891,10347.36035
763,0,0,0,0,0,0,6,0,3,0,0,0,0,0,0,0,0,0,4,0,0,0,0,0,0,0,0,2,1,0,0,0,0,1,0,1,0,0,0,0,0,0,0,0,0,23,0,0,0,0,0,4,0,0,0,1,95,0,2,0,0,0,0,0,0,0,3,4,0,0,0,1,0,3,0,0,0,0,3,0,0,0,0,2,0,0,0,1,1,0,0,5,0,0,0,0,0,0,0,1,0,0,0,0,121,0,4,0,0,2,0,1,0,596,0,0,0,0,0,0,5,8,0,0,0,0,0,0,0,0,0,0,0,0,0,0,0,0,0,0,2,12,3,0,0,0,0,0,0,9264.364258,10493.92969,10485.18262
773,0,0,0,0,0,0,3,0,4,0,0,0,0,0,0,0,0,0,5,0,0,0,0,0,0,2,0,1,3,0,0,0,0,1,0,2,0,0,3,0,0,0,0,0,1,7,0,0,0,0,0,1,0,0,0,8,94,0,0,0,0,0,0,0,0,4,2,3,0,0,1,0,0,3,0,0,0,0,3,0,1,0,0,0,3,0,0,0,0,0,0,1,0,0,1,0,0,0,0,0,0,0,4,0,108,0,5,1,0,0,0,0,0,577,0,0,0,0,0,0,10,9,0,0,0,0,0,0,0,0,0,0,0,0,2,0,0,1,0,0,0,10,3,0,0,0,0,0,0,9390.635742,10654.82031,10638.31738
782.5,0,0,0,0,0,0,1,0,0,3,1,0,0,0,1,0,0,0,7,0,0,0,0,0,0,0,0,0,3,0,2,0,0,1,0,0,0,0,0,0,0,0,0,0,0,20,0,0,0,0,0,0,0,0,0,4,96,0,0,0,0,0,0,0,0,1,2,1,1,0,0,0,0,3,0,0,0,0,3,0,0,1,0,0,5,0,0,0,0,1,0,1,0,0,0,0,0,0,0,0,0,0,0,0,95,0,6,0,0,0,0,1,0,560,0,0,0,0,0,1,2,4,0,0,0,0,0,0,0,0,0,0,0,0,3,0,0,0,0,0,5,4,1,0,0,0,0,0,0,9510.592773,10807.66504,10783.79688
792,0,0,0,0,0,0,4,1,7,1,0,2,0,1,0,0,0,0,5,0,0,0,0,0,0,0,0,0,0,0,0,0,0,0,0,1,0,0,2,0,0,0,2,0,0,16,1,0,0,0,0,1,0,0,0,8,97,0,0,0,0,0,0,0,0,0,3,0,0,0,0,0,0,6,0,0,0,0,0,0,0,0,0,2,2,0,0,0,0,0,0,0,0,0,0,0,0,0,0,0,0,0,0,0,26,0,4,0,0,0,0,0,0,510,0,0,0,0,0,0,2,1,0,0,0,0,0,0,0,0,0,0,0,0,2,0,0,0,0,0,11,6,1,0,0,0,0,0,0,9630.550781,10960.51074,10929.27539
799,0,0,0,0,0,0,0,0,1,0,0,0,0,0,0,0,0,0,8,0,0,0,0,0,0,1,0,0,1,0,2,0,0,1,0,0,0,0,0,0,0,0,1,0,0,13,0,0,0,0,0,0,0,0,0,4,103,0,0,0,1,0,0,0,0,1,1,0,0,0,0,0,0,1,0,0,0,0,2,0,0,0,0,1,1,0,0,0,0,0,0,0,0,0,0,0,0,0,0,0,0,0,0,0,63,0,3,0,0,0,0,0,0,627,0,0,0,0,0,0,5,5,0,0,0,0,0,0,0,0,0,0,0,0,2,0,0,0,0,0,19,5,1,0,0,0,0,0,0,9751,11138.65723,11106.88574
811,0,0,0,0,0,0,1,0,3,0,0,2,0,0,0,0,0,0,0,0,0,0,0,0,0,1,0,0,0,0,1,0,0,1,0,0,0,0,0,0,0,0,0,0,0,13,0,0,0,0,0,1,0,0,0,1,109,0,1,0,0,0,0,0,0,0,3,0,1,0,0,0,0,3,0,0,0,0,0,0,0,0,0,0,2,0,0,0,0,0,0,0,1,0,1,0,0,1,0,0,0,0,0,0,4,0,3,0,0,0,0,0,0,640,0,0,0,0,1,0,1,0,0,0,0,0,0,0,0,0,0,0,0,0,2,0,0,0,0,0,16,2,2,0,0,0,0,0,0,10159,11855.91406,11853.97168
823.5,1,0,0,0,0,0,0,0,12,0,0,0,0,0,0,0,0,0,2,0,0,0,0,0,0,0,0,0,0,0,0,0,0,1,0,1,0,0,0,0,0,0,0,0,0,20,0,0,0,0,0,0,0,0,0,1,50,0,0,1,0,0,0,0,0,0,0,0,1,0,0,0,0,2,0,0,0,0,0,0,1,0,0,0,8,1,0,0,0,0,0,0,0,0,0,0,0,1,0,0,0,0,0,1,7,0,4,0,0,0,0,1,0,745,0,0,0,3,0,0,0,1,0,0,0,0,0,0,0,0,0,0,0,0,0,0,0,0,0,0,40,0,0,0,0,0,0,0,0,10389.12793,12200.59375,12210.30566
833,0,0,0,0,0,0,0,0,15,0,0,3,0,0,0,0,0,0,1,0,0,0,0,0,0,0,0,0,0,0,0,0,0,1,0,0,0,0,1,0,0,0,0,0,0,8,0,0,0,0,0,1,0,0,0,0,112,0,0,0,0,0,0,0,0,1,0,1,1,0,0,0,0,15,0,0,0,0,0,0,0,0,0,0,0,0,0,0,0,0,0,0,0,0,0,1,0,1,0,0,0,0,0,1,4,0,2,0,0,0,0,0,0,613,0,0,0,0,0,0,0,4,0,0,0,0,0,0,0,0,0,0,0,0,1,0,0,0,0,0,22,3,0,0,0,0,0,0,0,10494.3291,12318.61035,12330.23535
842.5,0,0,0,0,0,0,0,0,5,0,0,0,0,0,0,0,0,0,0,0,0,0,0,0,0,0,0,0,0,0,0,0,0,0,0,0,0,0,0,0,0,0,0,0,0,0,0,0,0,0,0,0,0,0,0,0,29,0,0,0,0,0,0,0,0,0,0,0,0,0,0,0,0,16,0,0,0,0,0,0,0,0,0,0,0,0,0,0,0,0,0,0,0,0,0,0,0,0,0,0,0,0,0,0,0,0,0,0,0,0,0,0,0,135,0,0,0,0,0,0,0,0,0,0,0,0,0,0,0,0,0,0,0,0,0,0,0,0,0,0,1,0,0,0,0,0,0,0,0,10599.53027,12436.62793,12450.16406
852.5,0,0,0,0,0,0,0,0,0,0,0,0,0,0,0,0,0,0,0,0,0,0,0,0,0,0,0,0,0,0,0,0,0,0,0,0,0,0,0,0,0,0,0,0,0,0,0,0,0,0,0,0,0,0,0,0,11,0,0,0,0,0,0,0,0,0,0,0,0,0,0,0,0,19,0,0,0,0,0,0,0,0,20,0,0,0,0,0,0,0,0,0,0,0,0,0,0,1,0,0,0,0,0,0,0,0,0,0,0,0,0,0,0,84,0,0,0,0,0,0,0,0,0,0,0,0,0,0,0,0,0,0,0,0,0,0,0,0,0,0,9,0,0,0,0,0,0,0,0,10710.26855,12560.85547,12576.40625
862,0,0,0,0,0,0,0,0,5,0,0,0,0,0,0,0,0,0,0,0,0,0,0,0,0,0,0,0,0,0,0,0,0,0,0,0,0,0,0,0,0,0,0,0,0,0,0,0,0,0,0,0,0,0,0,0,11,0,0,0,0,0,0,0,0,0,0,0,0,0,0,0,0,10,0,0,0,0,0,0,0,0,6,0,0,0,0,0,0,0,0,0,0,0,0,0,0,0,0,0,0,0,0,0,0,0,0,0,0,0,0,0,0,142,0,0,0,0,0,0,0,0,0,0,0,0,0,0,0,0,0,0,0,0,0,0,0,0,0,0,3,0,0,0,0,0,0,0,0,10815.46973,12678.87207,12696.33594
872,0,0,0,0,0,0,0,0,57,0,0,0,0,0,0,0,0,0,5,0,0,0,0,0,0,0,0,0,0,0,0,0,1,0,0,0,0,0,0,0,0,0,0,0,0,0,0,0,0,0,0,0,0,0,0,0,49,0,0,0,0,0,0,0,0,0,0,0,0,0,0,0,0,18,0,0,0,0,0,0,0,0,0,0,0,0,0,0,0,0,0,0,0,0,0,0,0,0,0,0,0,0,0,0,0,0,0,0,0,0,0,0,0,843,0,0,0,0,0,0,0,1,0,0,0,0,0,0,0,0,0,0,0,0,0,0,0,0,0,0,0,0,0,0,0,0,0,0,0,10926.20801,12803.10059,12822.57715
876.5,0,0,0,0,0,0,0,0,34,0,0,0,0,0,0,0,0,0,0,0,0,0,0,0,0,0,0,0,0,0,0,0,0,0,0,0,0,0,0,0,0,0,0,0,0,0,0,0,0,1,0,0,0,0,0,1,48,0,0,0,0,0,0,0,0,0,0,0,0,0,0,0,0,9,0,0,0,0,0,1,0,0,1,0,0,0,0,0,0,0,0,0,0,0,0,0,0,0,0,0,0,0,0,0,2,0,0,0,0,0,0,0,0,461,0,0,0,0,0,0,0,11,0,0,0,0,0,0,0,0,0,0,0,0,0,0,0,0,0,0,6,0,0,0,0,0,0,0,0,10976.04004,12859.00293,12879.38574
886,0,0,0,0,0,0,0,0,2,0,0,0,0,0,0,0,0,0,0,0,0,0,0,0,0,0,0,0,0,0,0,0,0,0,0,0,0,0,0,0,0,0,0,0,0,0,0,0,0,0,0,0,0,0,0,0,50,0,0,0,0,0,0,0,0,0,0,0,0,0,0,0,0,10,0,0,0,0,0,0,0,0,1,0,0,0,0,0,0,0,0,0,0,0,0,0,0,0,0,0,0,0,0,0,5,0,0,0,0,0,0,0,0,463,1,0,0,0,0,0,4,14,0,0,0,0,0,0,0,0,0,0,0,0,0,0,0,0,0,0,8,0,0,0,0,0,0,0,0,11081.24121,12977.02051,12999.31543
893,0,0,0,0,0,0,0,0,1,0,0,0,0,0,0,0,3,0,0,0,0,0,0,0,0,0,0,0,0,0,0,0,0,0,0,0,0,0,0,0,0,0,0,0,0,0,0,0,0,0,0,0,0,0,0,0,19,0,0,0,2,0,0,0,0,0,2,0,0,0,0,0,0,19,0,0,0,0,0,0,0,0,0,0,0,0,0,0,0,0,0,0,0,0,0,0,0,1,0,0,0,0,0,0,0,0,0,0,0,0,0,0,0,403,1,0,0,0,0,0,6,27,0,0,0,0,0,0,0,0,0,0,0,0,0,0,0,0,0,0,4,0,0,0,0,0,0,0,0,11158.75879,13063.97949,13087.68457